t,Zr,X1,X2
0,"0,019948975","0,017190546","0,01364683"
"0,001","0,019948975","0,017184282","0,013744238"
"0,002","0,019948975","0,017178017","0,013841646"
"0,003","0,019948975","0,017181177","0,013939053"
"0,004","0,019948975","0,017174912","0,014036461"
"0,005","0,019948975","0,017173518","0,014138739"
"0,006","0,019948975","0,017167253","0,014236147"
"0,007","0,019948975","0,017165859","0,014338425"
"0,008","0,019948975","0,017164464","0,014440703"
"0,009","0,019948975","0,01716307","0,014542982"
"0,01","0,019948975","0,017161675","0,01464526"
"0,011","0,019948975","0,017160281","0,014747538"
"0,012","0,019948975","0,017158887","0,014849816"
"0,013","0,019948975","0,017162363","0,014956965"
"0,014","0,019948975","0,017151544","0,015059243"
"0,015","0,019948975","0,01715502","0,015166391"
"0,016","0,019948975","0,017158496","0,01527354"
"0,017","0,019948975","0,017157101","0,015375818"
"0,018","0,019948975","0,017170002","0,015482967"
"0,019","0,019948975","0,017173478","0,015590115"
"0,02","0,019948975","0,017176954","0,015697264"
"0,021","0,019948975","0,0171853","0,015809283"
"0,022","0,019948975","0,017203071","0,015921302"
"0,023","0,019948975","0,017215972","0,01602845"
"0,024","0,019948975","0,017224319","0,016140469"
"0,025","0,019948975","0,01724209","0,016252488"
"0,026","0,019948975","0,017254991","0,016359637"
"0,027","0,019948975","0,017267891","0,016466785"
"0,028","0,019948975","0,017290217","0,016573934"
"0,029","0,019948975","0,017312858","0,016690823"
"0,03","0,019948975","0,017340054","0,016802842"
"0,031","0,019948975","0,017357826","0,016914861"
"0,032","0,019948975","0,017389892","0,01703175"
"0,033","0,019948975","0,017412217","0,017138899"
"0,034","0,019948975","0,017434543","0,017246047"
"0,035","0,019948975","0,017461739","0,017358066"
"0,036","0,019948975","0,017484065","0,017465215"
"0,037","0,019948975","0,017515815","0,017572364"
"0,038","0,019948975","0,017552436","0,017684382"
"0,039","0,019948975","0,017589056","0,017796401"
"0,04","0,019948975","0,017620807","0,01790355"
"0,041","0,019948975","0,017661982","0,018010699"
"0,042","0,019948975","0,017703157","0,018117847"
"0,043","0,019948975","0,017734907","0,018224996"
"0,044","0,019948975","0,017785507","0,018332144"
"0,045","0,019948975","0,017826682","0,018439293"
"0,046","0,019948975","0,017862987","0,018541571"
"0,047","0,019948975","0,017913587","0,018648719"
"0,048","0,019948975","0,017964187","0,018755868"
"0,049","0,019948975","0,018014787","0,018863017"
"0,05","0,019948975","0,018060516","0,018965295"
"0,051","0,019948975","0,01811567","0,019067573"
"0,052","0,019948975","0,018170825","0,019169851"
"0,053","0,019948975","0,018211684","0,019267259"
"0,054","0,019948975","0,018261968","0,019364667"
"0,055","0,019948975","0,018317122","0,019466945"
"0,056","0,019948975","0,018381701","0,019569223"
"0,057","0,019948975","0,018431985","0,019666631"
"0,058","0,019948975","0,018491694","0,019764039"
"0,059","0,019948975","0,018551402","0,019861446"
"0,06","0,019948975","0,018596816","0,019953984"
"0,061","0,019948975","0,018651654","0,020046521"
"0,062","0,019948975","0,018720787","0,020143929"
"0,063","0,019948975","0,018775626","0,020236466"
"0,064","0,019948975","0,018835334","0,020333874"
"0,065","0,019948975","0,018899597","0,020426411"
"0,066","0,019948975","0,018954436","0,020518949"
"0,067","0,019948975","0,019018699","0,020611486"
"0,068","0,019948975","0,019078091","0,020699153"
"0,069","0,019948975","0,019137484","0,02078682"
"0,07","0,019948975","0,019201747","0,020879358"
"0,071","0,019948975","0,01926114","0,020967025"
"0,072","0,019948975","0,019315662","0,021049821"
"0,073","0,019948975","0,019370184","0,021132618"
"0,074","0,019948975","0,019424707","0,021215414"
"0,075","0,019948975","0,019493524","0,021303081"
"0,076","0,019948975","0,019548046","0,021385878"
"0,077","0,019948975","0,019607439","0,021473545"
"0,078","0,019948975","0,019671386","0,021556342"
"0,079","0,019948975","0,019721038","0,021634268"
"0,08","0,019948975","0,019780115","0,021712194"
"0,081","0,019948975","0,019834321","0,02178525"
"0,082","0,019948975","0,019879102","0,021858306"
"0,083","0,019948975","0,019933309","0,021931362"
"0,084","0,019948975","0,01997809","0,022004418"
"0,085","0,019948975","0,020032297","0,022077473"
"0,086","0,019948975","0,020072208","0,022145659"
"0,087","0,019948975","0,020126414","0,022218715"
"0,088","0,019948975","0,020166325","0,0222869"
"0,089","0,019948975","0,020215661","0,022355086"
"0,09","0,019948975","0,020250702","0,022418401"
"0,091","0,019948975","0,020285742","0,022481716"
"0,092","0,019948975","0,020315913","0,02254016"
"0,093","0,019948975","0,020355508","0,022598605"
"0,094","0,019948975","0,020385678","0,02265705"
"0,095","0,019948975","0,020410978","0,022710624"
"0,096","0,019948975","0,020431724","0,022769069"
"0,097","0,019948975","0,020457024","0,022822643"
"0,098","0,019948975","0,020487194","0,022881088"
"0,099","0,019948975","0,020503069","0,022934662"
"0,1","0,019948975","0,020523499","0,022983366"
"0,101","0,019948975","0,020529633","0,023027199"
"0,102","0,019948975","0,020545192","0,023071033"
"0,103","0,019948975","0,020551327","0,023114866"
"0,104","0,019948975","0,020557461","0,0231587"
"0,105","0,019948975","0,02057302","0,023202533"
"0,106","0,019948975","0,020579155","0,023246367"
"0,107","0,019948975","0,020580419","0,02328533"
"0,108","0,019948975","0,020581683","0,023324293"
"0,109","0,019948975","0,020582947","0,023363256"
"0,11","0,019948975","0,02057934","0,023397349"
"0,111","0,019948975","0,020575734","0,023431441"
"0,112","0,019948975","0,020557832","0,023460664"
"0,113","0,019948975","0,020549355","0,023489886"
"0,114","0,019948975","0,020540879","0,023519108"
"0,115","0,019948975","0,020532402","0,023548331"
"0,116","0,019948975","0,020519055","0,023572683"
"0,117","0,019948975","0,020510578","0,023601905"
"0,118","0,019948975","0,020497231","0,023626257"
"0,119","0,019948975","0,020479013","0,023645739"
"0,12","0,019948975","0,020460796","0,02366522"
"0,121","0,019948975","0,020442578","0,023684702"
"0,122","0,019948975","0,020424361","0,023704183"
"0,123","0,019948975","0,020401273","0,023718794"
"0,124","0,019948975","0,020378185","0,023733406"
"0,125","0,019948975","0,020355097","0,023748017"
"0,126","0,019948975","0,020327138","0,023757758"
"0,127","0,019948975","0,020308605","0,023767498"
"0,128","0,019948975","0,020280646","0,023777239"
"0,129","0,019948975","0,020257243","0,023782109"
"0,13","0,019948975","0,020224414","0,02378698"
"0,131","0,019948975","0,02020101","0,02379185"
"0,132","0,019948975","0,020172736","0,02379185"
"0,133","0,019948975","0,020144461","0,02379185"
"0,134","0,019948975","0,020116187","0,02379185"
"0,135","0,019948975","0,020083042","0,02378698"
"0,136","0,019948975","0,020059322","0,023782109"
"0,137","0,019948975","0,020026177","0,023777239"
"0,138","0,019948975","0,019997587","0,023767498"
"0,139","0,019948975","0,019968997","0,023757758"
"0,14","0,019948975","0,019935536","0,023743146"
"0,141","0,019948975","0,019906946","0,023733406"
"0,142","0,019948975","0,01988291","0,023718794"
"0,143","0,019948975","0,019854003","0,023699313"
"0,144","0,019948975","0,019829968","0,023684702"
"0,145","0,019948975","0,019801061","0,02366522"
"0,146","0,019948975","0,019767284","0,023640868"
"0,147","0,019948975","0,019742933","0,023616516"
"0,148","0,019948975","0,019714026","0,023597035"
"0,149","0,019948975","0,019684804","0,023567812"
"0,15","0,019948975","0,019669877","0,02354346"
"0,151","0,019948975","0,019640654","0,023514238"
"0,152","0,019948975","0,019620857","0,023485016"
"0,153","0,019948975","0,019596189","0,023450923"
"0,154","0,019948975","0,019576391","0,023421701"
"0,155","0,019948975","0,019551723","0,023387608"
"0,156","0,019948975","0,01953648","0,023353515"
"0,157","0,019948975","0,019511812","0,023319423"
"0,158","0,019948975","0,019496569","0,02328533"
"0,159","0,019948975","0,01948588","0,023246367"
"0,16","0,019948975","0,019465767","0,023207404"
"0,161","0,019948975","0,019455078","0,02316844"
"0,162","0,019948975","0,019434964","0,023129477"
"0,163","0,019948975","0,01942883","0,023085644"
"0,164","0,019948975","0,019413271","0,02304181"
"0,165","0,019948975","0,019397712","0,022997977"
"0,166","0,019948975","0,019391577","0,022954143"
"0,167","0,019948975","0,019380573","0,022905439"
"0,168","0,019948975","0,019369568","0,022856736"
"0,169","0,019948975","0,019358563","0,022808032"
"0,17","0,019948975","0,019347558","0,022759328"
"0,171","0,019948975","0,019341108","0,022705754"
"0,172","0,019948975","0,019325233","0,022652179"
"0,173","0,019948975","0,019318782","0,022598605"
"0,174","0,019948975","0,019312332","0,022545031"
"0,175","0,019948975","0,019305881","0,022491456"
"0,176","0,019948975","0,019303985","0,022433012"
"0,177","0,019948975","0,019302089","0,022374567"
"0,178","0,019948975","0,019290769","0,022316122"
"0,179","0,019948975","0,019284002","0,022252807"
"0,18","0,019948975","0,019277236","0,022189492"
"0,181","0,019948975","0,01927534","0,022131048"
"0,182","0,019948975","0,019268574","0,022067733"
"0,183","0,019948975","0,019261807","0,022004418"
"0,184","0,019948975","0,019259595","0,021936232"
"0,185","0,019948975","0,019252829","0,021872917"
"0,186","0,019948975","0,019250617","0,021804732"
"0,187","0,019948975","0,019248405","0,021736546"
"0,188","0,019948975","0,019246193","0,021668361"
"0,189","0,019948975","0,019243981","0,021600175"
"0,19","0,019948975","0,019241769","0,02153199"
"0,191","0,019948975","0,019234686","0,021458934"
"0,192","0,019948975","0,019227604","0,021385878"
"0,193","0,019948975","0,019234817","0,021317693"
"0,194","0,019948975","0,019227734","0,021244637"
"0,195","0,019948975","0,019220652","0,021171581"
"0,196","0,019948975","0,019222994","0,021098525"
"0,197","0,019948975","0,019215912","0,021025469"
"0,198","0,019948975","0,019218254","0,020952413"
"0,199","0,019948975","0,019206302","0,020874487"
"0,2","0,019948975","0,019199219","0,020801431"
"0,201","0,019948975","0,019201562","0,020728376"
"0,202","0,019948975","0,019194479","0,02065532"
"0,203","0,019948975","0,019191951","0,020577394"
"0,204","0,019948975","0,019184869","0,020504338"
"0,205","0,019948975","0,019182341","0,020426411"
"0,206","0,019948975","0,019170388","0,020348485"
"0,207","0,019948975","0,019158435","0,020270559"
"0,208","0,019948975","0,019155907","0,020192633"
"0,209","0,019948975","0,019143954","0,020114707"
"0,21","0,019948975","0,019132002","0,02003678"
"0,211","0,019948975","0,019124919","0,019963725"
"0,212","0,019948975","0,019112967","0,019885798"
"0,213","0,019948975","0,019101014","0,019807872"
"0,214","0,019948975","0,019089061","0,019729946"
"0,215","0,019948975","0,019072238","0,019647149"
"0,216","0,019948975","0,019060285","0,019569223"
"0,217","0,019948975","0,019048332","0,019491297"
"0,218","0,019948975","0,019026955","0,019413371"
"0,219","0,019948975","0,019015002","0,019335444"
"0,22","0,019948975","0,018993624","0,019257518"
"0,221","0,019948975","0,018981672","0,019179592"
"0,222","0,019948975","0,018955424","0,019096795"
"0,223","0,019948975","0,018934046","0,019018869"
"0,224","0,019948975","0,018912668","0,018940943"
"0,225","0,019948975","0,018891291","0,018863017"
"0,226","0,019948975","0,018874784","0,018789961"
"0,227","0,019948975","0,018853406","0,018712035"
"0,228","0,019948975","0,018817733","0,018629238"
"0,229","0,019948975","0,018796356","0,018551312"
"0,23","0,019948975","0,018760683","0,018468515"
"0,231","0,019948975","0,018729881","0,018390589"
"0,232","0,019948975","0,018699079","0,018312663"
"0,233","0,019948975","0,018668276","0,018234736"
"0,234","0,019948975","0,018637474","0,01815681"
"0,235","0,019948975","0,018611542","0,018083754"
"0,236","0,019948975","0,018571315","0,018005828"
"0,237","0,019948975","0,018545383","0,017932772"
"0,238","0,019948975","0,018505156","0,017854846"
"0,239","0,019948975","0,018469799","0,01778179"
"0,24","0,019948975","0,018434442","0,017708734"
"0,241","0,019948975","0,018399086","0,017635679"
"0,242","0,019948975","0,018358858","0,017557752"
"0,243","0,019948975","0,018323502","0,017484697"
"0,244","0,019948975","0,018288145","0,017411641"
"0,245","0,019948975","0,018252788","0,017338585"
"0,246","0,019948975","0,018212877","0,017270399"
"0,247","0,019948975","0,018172966","0,017202214"
"0,248","0,019948975","0,018133055","0,017134029"
"0,249","0,019948975","0,018093144","0,017065843"
"0,25","0,019948975","0,018053233","0,016997658"
"0,251","0,019948975","0,018013322","0,016929472"
"0,252","0,019948975","0,017973411","0,016861287"
"0,253","0,019948975","0,017933499","0,016793101"
"0,254","0,019948975","0,017898459","0,016729786"
"0,255","0,019948975","0,017853993","0,016666471"
"0,256","0,019948975","0,017818952","0,016603156"
"0,257","0,019948975","0,017774487","0,016539841"
"0,258","0,019948975","0,017734892","0,016481396"
"0,259","0,019948975","0,017695297","0,016422952"
"0,26","0,019948975","0,017669997","0,016369377"
"0,261","0,019948975","0,017630402","0,016310933"
"0,262","0,019948975","0,017590807","0,016252488"
"0,263","0,019948975","0,017556082","0,016198914"
"0,264","0,019948975","0,017516487","0,016140469"
"0,265","0,019948975","0,017472337","0,016086895"
"0,266","0,019948975","0,017442483","0,016038191"
"0,267","0,019948975","0,017412629","0,015989487"
"0,268","0,019948975","0,017377904","0,015935913"
"0,269","0,019948975","0,017333754","0,015882339"
"0,27","0,019948975","0,0173039","0,015833635"
"0,271","0,019948975","0,017264621","0,015784931"
"0,272","0,019948975","0,017239637","0,015741097"
"0,273","0,019948975","0,017205228","0,015697264"
"0,274","0,019948975","0,017180244","0,01565343"
"0,275","0,019948975","0,01715526","0,015609597"
"0,276","0,019948975","0,017120852","0,015565763"
"0,277","0,019948975","0,017090997","0,015517059"
"0,278","0,019948975","0,017070884","0,015478096"
"0,279","0,019948975","0,017041345","0,015439133"
"0,28","0,019948975","0,017021232","0,01540017"
"0,281","0,019948975","0,016991693","0,015361207"
"0,282","0,019948975","0,01697645","0,015327114"
"0,283","0,019948975","0,016956653","0,015297892"
"0,284","0,019948975","0,01694141","0,015263799"
"0,285","0,019948975","0,016931037","0,015234577"
"0,286","0,019948975","0,016911239","0,015205354"
"0,287","0,019948975","0,016900866","0,015176132"
"0,288","0,019948975","0,016881069","0,01514691"
"0,289","0,019948975","0,016870696","0,015117687"
"0,29","0,019948975","0,016865194","0,015093336"
"0,291","0,019948975","0,016850267","0,015068984"
"0,292","0,019948975","0,016854505","0,015054372"
"0,293","0,019948975","0,016853873","0,015034891"
"0,294","0,019948975","0,016848687","0,01502028"
"0,295","0,019948975","0,016848055","0,015000798"
"0,296","0,019948975","0,016842868","0,014986187"
"0,297","0,019948975","0,016847107","0,014971576"
"0,298","0,019948975","0,01684192","0,014956965"
"0,299","0,019948975","0,016851029","0,014947224"
"0,3","0,019948975","0,016860138","0,014937483"
"0,301","0,019948975","0,016864692","0,014932613"
"0,302","0,019948975","0,016869247","0,014927742"
"0,303","0,019948975","0,016883226","0,014922872"
"0,304","0,019948975","0,01689265","0,014922872"
"0,305","0,019948975","0,016897205","0,014918002"
"0,306","0,019948975","0,016916054","0,014918002"
"0,307","0,019948975","0,016925479","0,014918002"
"0,308","0,019948975","0,016934904","0,014918002"
"0,309","0,019948975","0,016944329","0,014918002"
"0,31","0,019948975","0,016958624","0,014922872"
"0,311","0,019948975","0,016972919","0,014927742"
"0,312","0,019948975","0,016982344","0,014927742"
"0,313","0,019948975","0,016996639","0,014932613"
"0,314","0,019948975","0,017010934","0,014937483"
"0,315","0,019948975","0,017025229","0,014942353"
"0,316","0,019948975","0,017039525","0,014947224"
"0,317","0,019948975","0,017048949","0,014947224"
"0,318","0,019948975","0,017063244","0,014952094"
"0,319","0,019948975","0,01707754","0,014956965"
"0,32","0,019948975","0,017096705","0,014966705"
"0,321","0,019948975","0,017101576","0,014971576"
"0,322","0,019948975","0,017115871","0,014976446"
"0,323","0,019948975","0,017130166","0,014981317"
"0,324","0,019948975","0,017149331","0,014991057"
"0,325","0,019948975","0,017159072","0,015000798"
"0,326","0,019948975","0,017173367","0,015005669"
"0,327","0,019948975","0,017183108","0,015015409"
"0,328","0,019948975","0,017202274","0,01502515"
"0,329","0,019948975","0,017216885","0,015039761"
"0,33","0,019948975","0,017236051","0,015049502"
"0,331","0,019948975","0,017250662","0,015064113"
"0,332","0,019948975","0,017260402","0,015073854"
"0,333","0,019948975","0,017284438","0,015088465"
"0,334","0,019948975","0,01729905","0,015103076"
"0,335","0,019948975","0,017313661","0,015117687"
"0,336","0,019948975","0,017333142","0,015137169"
"0,337","0,019948975","0,017347753","0,01515178"
"0,338","0,019948975","0,017367235","0,015171262"
"0,339","0,019948975","0,017381846","0,015185873"
"0,34","0,019948975","0,017401328","0,015205354"
"0,341","0,019948975","0,017406514","0,015219966"
"0,342","0,019948975","0,017425996","0,015239447"
"0,343","0,019948975","0,017445477","0,015258929"
"0,344","0,019948975","0,017450664","0,01527354"
"0,345","0,019948975","0,017470145","0,015293021"
"0,346","0,019948975","0,017480202","0,015312503"
"0,347","0,019948975","0,017499684","0,015331985"
"0,348","0,019948975","0,01750974","0,015351466"
"0,349","0,019948975","0,017529222","0,015370948"
"0,35","0,019948975","0,017544149","0,0153953"
"0,351","0,019948975","0,017563631","0,015414781"
"0,352","0,019948975","0,017573687","0,015434263"
"0,353","0,019948975","0,017578874","0,015448874"
"0,354","0,019948975","0,017588931","0,015468355"
"0,355","0,019948975","0,017608412","0,015487837"
"0,356","0,019948975","0,017618469","0,015507319"
"0,357","0,019948975","0,017628526","0,0155268"
"0,358","0,019948975","0,017638582","0,015546282"
"0,359","0,019948975","0,017648639","0,015565763"
"0,36","0,019948975","0,017658696","0,015585245"
"0,361","0,019948975","0,017663882","0,015599856"
"0,362","0,019948975","0,017673939","0,015619338"
"0,363","0,019948975","0,017683996","0,015638819"
"0,364","0,019948975","0,017689182","0,01565343"
"0,365","0,019948975","0,017699239","0,015672912"
"0,366","0,019948975","0,017699871","0,015692393"
"0,367","0,019948975","0,017709928","0,015711875"
"0,368","0,019948975","0,017719985","0,015731356"
"0,369","0,019948975","0,017730041","0,015750838"
"0,37","0,019948975","0,017730673","0,01577032"
"0,371","0,019948975","0,01774073","0,015789801"
"0,372","0,019948975","0,017741362","0,015809283"
"0,373","0,019948975","0,017756289","0,015833635"
"0,374","0,019948975","0,017756921","0,015853116"
"0,375","0,019948975","0,017766978","0,015872598"
"0,376","0,019948975","0,017772481","0,01589695"
"0,377","0,019948975","0,017782537","0,015916431"
"0,378","0,019948975","0,01778804","0,015940783"
"0,379","0,019948975","0,017788672","0,015960265"
"0,38","0,019948975","0,017794174","0,015984617"
"0,381","0,019948975","0,017809101","0,016008969"
"0,382","0,019948975","0,017814604","0,016033321"
"0,383","0,019948975","0,017820106","0,016057673"
"0,384","0,019948975","0,017830479","0,016086895"
"0,385","0,019948975","0,017835981","0,016111247"
"0,386","0,019948975","0,017846354","0,016140469"
"0,387","0,019948975","0,017851856","0,016164821"
"0,388","0,019948975","0,017857359","0,016189173"
"0,389","0,019948975","0,017862861","0,016213525"
"0,39","0,019948975","0,017858939","0,016237877"
"0,391","0,019948975","0,017869312","0,016267099"
"0,392","0,019948975","0,017874814","0,016291451"
"0,393","0,019948975","0,017885187","0,016320674"
"0,394","0,019948975","0,017895559","0,016349896"
"0,395","0,019948975","0,017891637","0,016374248"
"0,396","0,019948975","0,017897139","0,0163986"
"0,397","0,019948975","0,017898087","0,016427822"
"0,398","0,019948975","0,01790359","0,016452174"
"0,399","0,019948975","0,017899667","0,016476526"
"0,4","0,019948975","0,01790517","0,016500878"
"0,401","0,019948975","0,017901247","0,01652523"
"0,402","0,019948975","0,01790675","0,016549582"
"0,403","0,019948975","0,017902827","0,016573934"
"0,404","0,019948975","0,01790833","0,016598286"
"0,405","0,019948975","0,017904407","0,016622638"
"0,406","0,019948975","0,01790991","0,01664699"
"0,407","0,019948975","0,017905987","0,016671342"
"0,408","0,019948975","0,017902065","0,016695693"
"0,409","0,019948975","0,017907567","0,016720045"
"0,41","0,019948975","0,017903645","0,016744397"
"0,411","0,019948975","0,017899723","0,016768749"
"0,412","0,019948975","0,017905225","0,016793101"
"0,413","0,019948975","0,017901303","0,016817453"
"0,414","0,019948975","0,017906805","0,016841805"
"0,415","0,019948975","0,017902883","0,016866157"
"0,416","0,019948975","0,017908385","0,016890509"
"0,417","0,019948975","0,017904463","0,016914861"
"0,418","0,019948975","0,01790054","0,016939213"
"0,419","0,019948975","0,017910913","0,016968435"
"0,42","0,019948975","0,017906991","0,016992787"
"0,421","0,019948975","0,017917363","0,01702201"
"0,422","0,019948975","0,017922866","0,017046362"
"0,423","0,019948975","0,017918943","0,017070713"
"0,424","0,019948975","0,017924446","0,017095065"
"0,425","0,019948975","0,017920523","0,017119417"
"0,426","0,019948975","0,017930896","0,01714864"
"0,427","0,019948975","0,017941269","0,017177862"
"0,428","0,019948975","0,017951642","0,017207084"
"0,429","0,019948975","0,017962015","0,017236307"
"0,43","0,019948975","0,017958092","0,017260659"
"0,431","0,019948975","0,017968465","0,017289881"
"0,432","0,019948975","0,017973967","0,017314233"
"0,433","0,019948975","0,01798434","0,017343455"
"0,434","0,019948975","0,017989843","0,017367807"
"0,435","0,019948975","0,01800477","0,017392159"
"0,436","0,019948975","0,018015142","0,017421381"
"0,437","0,019948975","0,018020645","0,017445733"
"0,438","0,019948975","0,018031018","0,017474956"
"0,439","0,019948975","0,01803652","0,017499308"
"0,44","0,019948975","0,018056318","0,01752853"
"0,441","0,019948975","0,01806182","0,017552882"
"0,442","0,019948975","0,018076747","0,017577234"
"0,443","0,019948975","0,01808225","0,017601586"
"0,444","0,019948975","0,018097177","0,017625938"
"0,445","0,019948975","0,018102679","0,01765029"
"0,446","0,019948975","0,018112736","0,017669771"
"0,447","0,019948975","0,018127663","0,017694123"
"0,448","0,019948975","0,018133165","0,017718475"
"0,449","0,019948975","0,018143222","0,017737957"
"0,45","0,019948975","0,018158149","0,017762309"
"0,451","0,019948975","0,018168206","0,01778179"
"0,452","0,019948975","0,018173709","0,017806142"
"0,453","0,019948975","0,018183765","0,017825624"
"0,454","0,019948975","0,018193822","0,017845105"
"0,455","0,019948975","0,018203879","0,017864587"
"0,456","0,019948975","0,018209065","0,017879198"
"0,457","0,019948975","0,018228547","0,01789868"
"0,458","0,019948975","0,018238604","0,017918161"
"0,459","0,019948975","0,01824866","0,017937643"
"0,46","0,019948975","0,018258717","0,017957124"
"0,461","0,019948975","0,018268774","0,017976606"
"0,462","0,019948975","0,018278831","0,017996087"
"0,463","0,019948975","0,018293442","0,018010699"
"0,464","0,019948975","0,018303499","0,01803018"
"0,465","0,019948975","0,01831811","0,018044791"
"0,466","0,019948975","0,018328167","0,018064273"
"0,467","0,019948975","0,018338223","0,018083754"
"0,468","0,019948975","0,018352835","0,018098366"
"0,469","0,019948975","0,018362891","0,018117847"
"0,47","0,019948975","0,018377502","0,018132458"
"0,471","0,019948975","0,018387559","0,01815194"
"0,472","0,019948975","0,018392746","0,018166551"
"0,473","0,019948975","0,018407357","0,018181162"
"0,474","0,019948975","0,018417414","0,018200644"
"0,475","0,019948975","0,018432025","0,018215255"
"0,476","0,019948975","0,018437211","0,018229866"
"0,477","0,019948975","0,018447268","0,018249348"
"0,478","0,019948975","0,018452454","0,018263959"
"0,479","0,019948975","0,018467065","0,01827857"
"0,48","0,019948975","0,018472252","0,018293181"
"0,481","0,019948975","0,018477438","0,018307792"
"0,482","0,019948975","0,018492049","0,018322403"
"0,483","0,019948975","0,018497236","0,018337015"
"0,484","0,019948975","0,018511847","0,018351626"
"0,485","0,019948975","0,018517033","0,018366237"
"0,486","0,019948975","0,018517349","0,018375978"
"0,487","0,019948975","0,018531961","0,018390589"
"0,488","0,019948975","0,018532277","0,01840033"
"0,489","0,019948975","0,018537463","0,018414941"
"0,49","0,019948975","0,018547204","0,018424682"
"0,491","0,019948975","0,01854752","0,018434422"
"0,492","0,019948975","0,018547836","0,018444163"
"0,493","0,019948975","0,018557576","0,018453904"
"0,494","0,019948975","0,018557892","0,018463645"
"0,495","0,019948975","0,018558208","0,018473385"
"0,496","0,019948975","0,018563079","0,018478256"
"0,497","0,019948975","0,018563395","0,018487997"
"0,498","0,019948975","0,018563711","0,018497737"
"0,499","0,019948975","0,018559156","0,018502608"
"0,5","0,019948975","0,018564027","0,018507478"
"0,501","0,019948975","0,018564343","0,018517219"
"0,502","0,019948975","0,018559788","0,018522089"
"0,503","0,019948975","0,018564659","0,01852696"
"0,504","0,019948975","0,018560104","0,01853183"
"0,505","0,019948975","0,01855555","0,018536701"
"0,506","0,019948975","0,01856042","0,018541571"
"0,507","0,019948975","0,018555866","0,018546441"
"0,508","0,019948975","0,018560736","0,018551312"
"0,509","0,019948975","0,018551312","0,018551312"
"0,51","0,019948975","0,018556182","0,018556182"
"0,511","0,019948975","0,018551628","0,018561052"
"0,512","0,019948975","0,018551628","0,018561052"
"0,513","0,019948975","0,018547073","0,018565923"
"0,514","0,019948975","0,018551944","0,018570793"
"0,515","0,019948975","0,018542519","0,018570793"
"0,516","0,019948975","0,018547389","0,018575664"
"0,517","0,019948975","0,018547389","0,018575664"
"0,518","0,019948975","0,018537965","0,018575664"
"0,519","0,019948975","0,018542835","0,018580534"
"0,52","0,019948975","0,018542835","0,018580534"
"0,521","0,019948975","0,018542835","0,018580534"
"0,522","0,019948975","0,018542835","0,018580534"
"0,523","0,019948975","0,018547705","0,018585404"
"0,524","0,019948975","0,018547705","0,018585404"
"0,525","0,019948975","0,018547705","0,018585404"
"0,526","0,019948975","0,018547705","0,018585404"
"0,527","0,019948975","0,018542835","0,018580534"
"0,528","0,019948975","0,018542835","0,018580534"
"0,529","0,019948975","0,018542835","0,018580534"
"0,53","0,019948975","0,018542835","0,018580534"
"0,531","0,019948975","0,018542835","0,018580534"
"0,532","0,019948975","0,018537965","0,018575664"
"0,533","0,019948975","0,018537965","0,018575664"
"0,534","0,019948975","0,018537965","0,018575664"
"0,535","0,019948975","0,018533094","0,018570793"
"0,536","0,019948975","0,018533094","0,018570793"
"0,537","0,019948975","0,018528224","0,018565923"
"0,538","0,019948975","0,018528224","0,018565923"
"0,539","0,019948975","0,018523353","0,018561052"
"0,54","0,019948975","0,018518483","0,018556182"
"0,541","0,019948975","0,018518483","0,018556182"
"0,542","0,019948975","0,018513613","0,018551312"
"0,543","0,019948975","0,018508742","0,018546441"
"0,544","0,019948975","0,018503872","0,018541571"
"0,545","0,019948975","0,018499001","0,018536701"
"0,546","0,019948975","0,018499001","0,018536701"
"0,547","0,019948975","0,018494131","0,01853183"
"0,548","0,019948975","0,018489261","0,01852696"
"0,549","0,019948975","0,01848439","0,018522089"
"0,55","0,019948975","0,01847952","0,018517219"
"0,551","0,019948975","0,01847952","0,018517219"
"0,552","0,019948975","0,018474649","0,018512349"
"0,553","0,019948975","0,018469779","0,018507478"
"0,554","0,019948975","0,018464909","0,018502608"
"0,555","0,019948975","0,018460038","0,018497737"
"0,556","0,019948975","0,018455168","0,018492867"
"0,557","0,019948975","0,018455168","0,018492867"
"0,558","0,019948975","0,018450298","0,018487997"
"0,559","0,019948975","0,018445427","0,018483126"
"0,56","0,019948975","0,018445427","0,018483126"
"0,561","0,019948975","0,018440557","0,018478256"
"0,562","0,019948975","0,018440557","0,018478256"
"0,563","0,019948975","0,018435686","0,018473385"
"0,564","0,019948975","0,018430816","0,018468515"
"0,565","0,019948975","0,018430816","0,018468515"
"0,566","0,019948975","0,018425946","0,018463645"
"0,567","0,019948975","0,018425946","0,018463645"
"0,568","0,019948975","0,018421075","0,018458774"
"0,569","0,019948975","0,018421075","0,018458774"
"0,57","0,019948975","0,018416205","0,018453904"
"0,571","0,019948975","0,018416205","0,018453904"
"0,572","0,019948975","0,018416205","0,018453904"
"0,573","0,019948975","0,018411334","0,018449034"
"0,574","0,019948975","0,018411334","0,018449034"
"0,575","0,019948975","0,018406464","0,018444163"
"0,576","0,019948975","0,018406464","0,018444163"
"0,577","0,019948975","0,018401594","0,018439293"
"0,578","0,019948975","0,018401594","0,018439293"
"0,579","0,019948975","0,018396723","0,018434422"
"0,58","0,019948975","0,018396723","0,018434422"
"0,581","0,019948975","0,018391853","0,018429552"
"0,582","0,019948975","0,018391853","0,018429552"
"0,583","0,019948975","0,018386982","0,018424682"
"0,584","0,019948975","0,018386982","0,018424682"
"0,585","0,019948975","0,018382112","0,018419811"
"0,586","0,019948975","0,018377242","0,018414941"
"0,587","0,019948975","0,018377242","0,018414941"
"0,588","0,019948975","0,018372371","0,01841007"
"0,589","0,019948975","0,018372371","0,01841007"
"0,59","0,019948975","0,018367501","0,0184052"
"0,591","0,019948975","0,018362631","0,01840033"
"0,592","0,019948975","0,018362631","0,01840033"
"0,593","0,019948975","0,01835776","0,018395459"
"0,594","0,019948975","0,01835776","0,018395459"
"0,595","0,019948975","0,01835289","0,018390589"
"0,596","0,019948975","0,018348019","0,018385718"
"0,597","0,019948975","0,018348019","0,018385718"
"0,598","0,019948975","0,018343149","0,018380848"
"0,599","0,019948975","0,018343149","0,018380848"
"0,6","0,019948975","0,018338279","0,018375978"
"0,601","0,019948975","0,018338279","0,018375978"
"0,602","0,019948975","0,018333408","0,018371107"
"0,603","0,019948975","0,018333408","0,018371107"
"0,604","0,019948975","0,018328538","0,018366237"
"0,605","0,019946777","0,018328538","0,018366237"
"0,606","0,019942383","0,018328538","0,018366237"
"0,607","0,019935791","0,018328538","0,018366237"
"0,608","0,01992041","0,018323667","0,018361367"
"0,609","0,019891846","0,018323667","0,018361367"
"0,61","0,019850098","0,018323667","0,018361367"
"0,611","0,019790771","0,018318797","0,018356496"
"0,612","0,019707275","0,018313927","0,018351626"
"0,613","0,019604004","0,018318481","0,018346755"
"0,614","0,019480957","0,018313611","0,018341885"
"0,615","0,019340332","0,01830874","0,018337015"
"0,616","0,019184326","0,018298999","0,018327274"
"0,617","0,019021729","0,018289259","0,018317533"
"0,618","0,018850342","0,018269777","0,018298051"
"0,619","0,01865918","0,018250296","0,01827857"
"0,62","0,018450439","0,018230814","0,018259088"
"0,621","0,018221924","0,018221073","0,018249348"
"0,622","0,017982422","0,018211332","0,018239607"
"0,623","0,017734131","0,018192167","0,018229866"
"0,624","0,01748584","0,018168131","0,018215255"
"0,625","0,017241943","0,018134354","0,018190903"
"0,626","0,017006836","0,018091153","0,018166551"
"0,627","0,016780518","0,018057692","0,01815194"
"0,628","0,016565186","0,018038842","0,01815194"
"0,629","0,016363037","0,018034604","0,018166551"
"0,63","0,016169678","0,0180112","0,018171421"
"0,631","0,015985107","0,017968631","0,018166551"
"0,632","0,015807129","0,01791632","0,01815194"
"0,633","0,01562915","0,01786888","0,018142199"
"0,634","0,015448975","0,017822073","0,01815194"
"0,635","0,015266602","0,017799301","0,018176292"
"0,636","0,015077637","0,017771974","0,018205514"
"0,637","0,01488208","0,017734907","0,018224996"
"0,638","0,014684326","0,01767412","0,018239607"
"0,639","0,01447998","0,017608463","0,018249348"
"0,64","0,014275635","0,017533064","0,018249348"
"0,641","0,014082275","0,017448241","0,018249348"
"0,642","0,013904297","0,017349123","0,018244477"
"0,643","0,013730713","0,01723084","0,018229866"
"0,644","0,013554932","0,017126851","0,018220125"
"0,645","0,013374756","0,017004013","0,018210384"
"0,646","0,013190186","0,016886045","0,018205514"
"0,647","0,012994629","0,016753782","0,018195773"
"0,648","0,012790283","0,016606908","0,018171421"
"0,649","0,012577148","0,016440869","0,018137329"
"0,65","0,012355225","0,016260218","0,018088625"
"0,651","0,012126709","0,016060717","0,018039921"
"0,652","0,011900391","0,015885253","0,018005828"
"0,653","0,011687256","0,015705234","0,017976606"
"0,654","0,011485107","0,015520345","0,017942513"
"0,655","0,011293945","0,015301679","0,017884068"
"0,656","0,011107178","0,015058977","0,017811013"
"0,657","0,010922607","0,01480198","0,017733086"
"0,658","0,01073584","0,014559595","0,017669771"
"0,659","0,010546875","0,014341245","0,017621067"
"0,66","0,010353516","0,0141086","0,017567493"
"0,661","0,010153564","0,013856789","0,017504178"
"0,662","0,009947021","0,013595238","0,017431122"
"0,663","0,009736084","0,013324261","0,017358066"
"0,664","0,009536133","0,013072451","0,017294751"
"0,665","0,009351563","0,012839806","0,017241177"
"0,666","0,009173584","0,012587995","0,017177862"
"0,667","0,008993408","0,012312149","0,017099936"
"0,668","0,008806641","0,012022007","0,017017139"
"0,669","0,008615479","0,01173642","0,016929472"
"0,67","0,00841333","0,011465443","0,016856416"
"0,671","0,008200195","0,011209078","0,016797972"
"0,672","0,007987061","0,010957584","0,016744397"
"0,673","0,007780518","0,010696348","0,016681082"
"0,674","0,007584961","0,010420502","0,016603156"
"0,675","0,007389404","0,01014921","0,016520359"
"0,676","0,00719165","0,009882788","0,016442433"
"0,677","0,006989502","0,009630977","0,016379118"
"0,678","0,006782959","0,009384037","0,016320674"
"0,679","0,006569824","0,009122486","0,016247618"
"0,68","0,006356689","0,008855748","0,016159951"
"0,681","0,006145752","0,00858901","0,016072284"
"0,682","0,005943604","0,008331697","0,015984617"
"0,683","0,00574585","0,00807957","0,015911561"
"0,684","0,005550293","0,007846609","0,015848246"
"0,685","0,005354736","0,007623073","0,015784931"
"0,686","0,005156982","0,007375185","0,015697264"
"0,687","0,004957031","0,007098074","0,015580374"
"0,688","0,004752686","0,006825518","0,015458615"
"0,689","0,004550537","0,006572127","0,015346596"
"0,69","0,004348389","0,006328478","0,015244318"
"0,691","0,004155029","0,006103993","0,01515178"
"0,692","0,00396167","0,005879509","0,015059243"
"0,693","0,003768311","0,005659263","0,014952094"
"0,694","0,003574951","0,00542896","0,014825464"
"0,695","0,003375","0,005184047","0,014684223"
"0,696","0,003172852","0,004924838","0,014538111"
"0,697","0,002968506","0,004675053","0,014391999"
"0,698","0,002766357","0,004434694","0,014245888"
"0,699","0,002568604","0,004222609","0,014099776"
"0,7","0,00237085","0,004010524","0,013953664"
"0,701","0,002170898","0,003793568","0,013802682"
"0,702","0,00196875","0,003576613","0,0136517"
"0,703","0,001766602","0,003368766","0,013490978"
"0,704","0,00156665","0,003150862","0,013310773"
"0,705","0,001371094","0,002923218","0,013120828"
"0,706","0,001179932","0,002695258","0,012921142"
"0,707","0,000993164","0,002472168","0,012726326"
"0,708","0,000815186","0,002291964","0,012546122"
"0,709","0,000650391","0,0021215","0,012375658"
"0,71","0,000498779","0,001965332","0,012210065"
"0,711","0,000366943","0,001799422","0,012034731"
"0,712","0,000252686","0,001628327","0,011844786"
"0,713","0,0001604","0,001456915","0,0116451"
"0,714","9,01E-05","0,001290058","0,011440544"
"0,715","4,17E-05","0,001147237","0,011250599"
"0,716","1,76E-05","0,001004415","0,011060653"
"0,717","1,10E-05","0,000880444","0,010870708"
"0,718","1,98E-05","0,000756472","0,010680763"
"0,719","3,74E-05","0,00066109","0,010500559"
"0,72","5,93E-05","0,000556284","0,010320354"
"0,721","7,91E-05","0,000480068","0,010149891"
"0,722","9,45E-05","0,000408407","0,009974557"
"0,723","0,000103271","0,00033643","0,009789482"
"0,724","0,000103271","0,000244971","0,009584926"
"0,725","0,000101074","0,000153196","0,009370628"
"0,726","0,000103271","6,60E-05","0,009151461"
"0,727","0,000105469","-7,27E-06","0,008927423"
"0,728","0,000103271","-6,62E-05","0,008708256"
"0,729","9,45E-05","-0,000101123","0,008503699"
"0,73","8,35E-05","-0,000136033","0,008299143"
"0,731","7,03E-05","-0,000161835","0,008084846"
"0,732","5,71E-05","-0,000211672","0,007855937"
"0,733","5,49E-05","-0,000257272","0,007612418"
"0,734","5,71E-05","-0,000317482","0,007354287"
"0,735","6,37E-05","-0,000368583","0,007086416"
"0,736","7,03E-05","-0,000405074","0,006833156"
"0,737","7,47E-05","-0,000412658","0,006599377"
"0,738","7,69E-05","-0,000405947","0,006370469"
"0,739","7,47E-05","-0,000394681","0,00613669"
"0,74","7,25E-05","-0,000388918","0,00587856"
"0,741","7,03E-05","-0,00040232","0,005610688"
"0,742","7,03E-05","-0,000415723","0,005342817"
"0,743","7,03E-05","-0,00041483","0,005079816"
"0,744","7,03E-05","-0,000394771","0,004826556"
"0,745","7,03E-05","-0,000370159","0,004568425"
"0,746","7,03E-05","-0,000336121","0,004310294"
"0,747","7,03E-05","-0,000311825","0,004042423"
"0,748","7,03E-05","-0,000282973","0,003769681"
"0,749","7,03E-05","-0,000244382","0,00350668"
"0,75","7,03E-05","-0,000191178","0,00325829"
"0,751","7,03E-05","-0,000137975","0,0030099"
"0,752","7,03E-05","-9,00E-05","0,002746899"
"0,753","7,03E-05","-5,66E-05","0,002469287"
"0,754","7,03E-05","-2,31E-05","0,002191675"
"0,755","7,03E-05","1,03E-05","0,001914063"
"0,756","7,03E-05","5,83E-05","0,001651062"
"0,757","7,03E-05","0,000125773","0,001407542"
"0,758","7,03E-05","0,000212436","0,001173764"
"0,759","7,03E-05","0,0002991","0,000939985"
"0,76","7,03E-05","0,000361728","0,000691595"
"0,761","7,03E-05","0,00042404","0,000433465"
"0,762","7,03E-05","0,000481797","0,000180204"
"0,763","7,03E-05","0,000544425","-6,82E-05"
"0,764","7,03E-05","0,000611923","-0,000311705"
"0,765","7,03E-05","0,000665126","-0,000560095"
"0,766","7,03E-05","0,0007232","-0,000803614"
"0,767","7,03E-05","0,000786144","-0,001042263"
"0,768","7,03E-05","0,000839347","-0,001290653"
"0,769","7,03E-05","0,000892866","-0,001529302"
"0,77","7,03E-05","0,00094183","-0,001763081"
"0,771","7,03E-05","0,000990795","-0,001996859"
"0,772","7,03E-05","0,001025465","-0,002235509"
"0,773","7,03E-05","0,001055264","-0,002479028"
"0,774","7,03E-05","0,001070768","-0,002727418"
"0,775","7,03E-05","0,001091142","-0,002970937"
"0,776","7,03E-05","0,001106962","-0,003209586"
"0,777","7,03E-05","0,001113357","-0,003448235"
"0,778","7,03E-05","0,001115198","-0,003682014"
"0,779","7,03E-05","0,001117039","-0,003915793"
"0,78","7,03E-05","0,001109455","-0,004149571"
"0,781","7,03E-05","0,001087576","-0,00438822"
"0,782","7,03E-05","0,001056272","-0,00462687"
"0,783","7,03E-05","0,001024968","-0,004865519"
"0,784","7,03E-05","0,000974814","-0,005104168"
"0,785","7,03E-05","0,000915236","-0,005342817"
"0,786","7,03E-05","0,000860528","-0,005576595"
"0,787","7,03E-05","0,000796395","-0,005810374"
"0,788","7,03E-05","0,000742003","-0,006034412"
"0,789","7,03E-05","0,000668762","-0,00625845"
"0,79","7,03E-05","0,000600391","-0,006477617"
"0,791","7,03E-05","0,000527465","-0,006691914"
"0,792","7,03E-05","0,00043569","-0,006906212"
"0,793","7,03E-05","0,000343915","-0,007120509"
"0,794","7,03E-05","0,000242716","-0,007334806"
"0,795","7,03E-05","0,000132091","-0,007549103"
"0,796","7,03E-05","1,69E-05","-0,00775853"
"0,797","7,03E-05","-9,34E-05","-0,007963086"
"0,798","7,03E-05","-0,000203389","-0,008157902"
"0,799","7,03E-05","-0,000327361","-0,008347847"
"0,8","7,03E-05","-0,000441592","-0,008528051"
"0,801","7,03E-05","-0,000560377","-0,008703385"
"0,802","7,03E-05","-0,000679162","-0,008878719"
"0,803","7,03E-05","-0,000821668","-0,009058924"
"0,804","7,03E-05","-0,000959302","-0,009234258"
"0,805","7,03E-05","-0,001096937","-0,009409592"
"0,806","7,03E-05","-0,001243681","-0,009575185"
"0,807","7,03E-05","-0,001394979","-0,009735908"
"0,808","7,03E-05","-0,001522241","-0,009882019"
"0,809","7,03E-05","-0,001654058","-0,010023261"
"0,81","7,03E-05","-0,001790429","-0,010159631"
"0,811","7,03E-05","-0,0019268","-0,010296002"
"0,812","7,03E-05","-0,002067725","-0,010427503"
"0,813","7,03E-05","-0,002227816","-0,010568744"
"0,814","7,03E-05","-0,002383036","-0,010705115"
"0,815","7,03E-05","-0,002538257","-0,010841486"
"0,816","7,03E-05","-0,002698031","-0,010972986"
"0,817","6,81E-05","-0,002852936","-0,011099617"
"0,818","6,81E-05","-0,00300297","-0,011221376"
"0,819","6,81E-05","-0,003143263","-0,011333395"
"0,82","6,59E-05","-0,003288111","-0,011440544"
"0,821","6,59E-05","-0,003418663","-0,011542822"
"0,822","6,59E-05","-0,003572936","-0,01164997"
"0,823","6,37E-05","-0,003722654","-0,011761989"
"0,824","6,37E-05","-0,003872372","-0,011874008"
"0,825","6,15E-05","-0,004036385","-0,011990898"
"0,826","6,15E-05","-0,004186103","-0,012102917"
"0,827","5,93E-05","-0,00432608","-0,012205195"
"0,828","5,93E-05","-0,004456317","-0,012297732"
"0,829","5,71E-05","-0,004595978","-0,01239027"
"0,83","5,71E-05","-0,004721344","-0,012477937"
"0,831","5,71E-05","-0,00484184","-0,012560733"
"0,832","5,49E-05","-0,004957781","-0,0126484"
"0,833","5,49E-05","-0,005083148","-0,012736067"
"0,834","5,49E-05","-0,005199089","-0,012823734"
"0,835","5,27E-05","-0,005319585","-0,012906531"
"0,836","5,27E-05","-0,005430656","-0,012989327"
"0,837","5,27E-05","-0,005536856","-0,013067254"
"0,838","5,27E-05","-0,005623891","-0,013135439"
"0,839","5,05E-05","-0,005706056","-0,013198754"
"0,84","5,05E-05","-0,00578335","-0,013257199"
"0,841","5,05E-05","-0,005855774","-0,013310773"
"0,842","5,05E-05","-0,005918773","-0,013364347"
"0,843","5,05E-05","-0,005967477","-0,013413051"
"0,844","4,83E-05","-0,006025605","-0,013461755"
"0,845","4,83E-05","-0,006078864","-0,013505589"
"0,846","4,83E-05","-0,006122697","-0,013549422"
"0,847","4,61E-05","-0,006152236","-0,013588385"
"0,848","4,61E-05","-0,006172033","-0,013617608"
"0,849","4,61E-05","-0,00618696","-0,01364196"
"0,85","4,61E-05","-0,006192147","-0,013656571"
"0,851","4,61E-05","-0,006183038","-0,013666312"
"0,852","4,61E-05","-0,006173929","-0,013676052"
"0,853","4,61E-05","-0,00615995","-0,013680923"
"0,854","4,61E-05","-0,006136546","-0,013685793"
"0,855","4,61E-05","-0,006122567","-0,013690663"
"0,856","4,39E-05","-0,006089422","-0,013685793"
"0,857","4,39E-05","-0,006056277","-0,013680923"
"0,858","4,39E-05","-0,006018262","-0,013671182"
"0,859","4,39E-05","-0,005961082","-0,0136517"
"0,86","4,39E-05","-0,005913326","-0,013632219"
"0,861","4,39E-05","-0,005851275","-0,013607867"
"0,862","4,39E-05","-0,005784353","-0,013578645"
"0,863","4,39E-05","-0,005721986","-0,013544552"
"0,864","4,39E-05","-0,00564564","-0,013515329"
"0,865","4,39E-05","-0,005578718","-0,013486107"
"0,866","4,39E-05","-0,005506927","-0,013452014"
"0,867","4,39E-05","-0,00542084","-0,013413051"
"0,868","4,39E-05","-0,005339307","-0,013369218"
"0,869","4,39E-05","-0,005252904","-0,013320514"
"0,87","4,39E-05","-0,005157076","-0,01327181"
"0,871","4,39E-05","-0,005065803","-0,013218236"
"0,872","4,39E-05","-0,004965105","-0,013164661"
"0,873","4,17E-05","-0,004873831","-0,013111087"
"0,874","4,17E-05","-0,004782558","-0,013057513"
"0,875","4,17E-05","-0,004672119","-0,012994198"
"0,876","4,17E-05","-0,00458053","-0,012930883"
"0,877","4,17E-05","-0,004474645","-0,012862697"
"0,878","4,17E-05","-0,00436389","-0,012789642"
"0,879","4,17E-05","-0,004253135","-0,012716586"
"0,88","4,17E-05","-0,004146935","-0,012638659"
"0,881","4,17E-05","-0,004035864","-0,012555863"
"0,882","4,17E-05","-0,003924793","-0,012473066"
"0,883","4,17E-05","-0,003818276","-0,012385399"
"0,884","4,17E-05","-0,00371176","-0,012297732"
"0,885","4,17E-05","-0,003600373","-0,012205195"
"0,886","4,17E-05","-0,003484115","-0,012107787"
"0,887","4,17E-05","-0,003377283","-0,012010379"
"0,888","4,17E-05","-0,00326558","-0,011908101"
"0,889","4,17E-05","-0,003158431","-0,011800953"
"0,89","4,17E-05","-0,003046412","-0,011688934"
"0,891","4,17E-05","-0,002934393","-0,011576915"
"0,892","4,17E-05","-0,002822058","-0,011455155"
"0,893","4,17E-05","-0,002714594","-0,011338266"
"0,894","4,17E-05","-0,002606813","-0,011211635"
"0,895","4,17E-05","-0,002499033","-0,011085005"
"0,896","4,17E-05","-0,002395806","-0,010953505"
"0,897","4,17E-05","-0,00228771","-0,010817134"
"0,898","4,17E-05","-0,002184168","-0,010675893"
"0,899","4,17E-05","-0,002080626","-0,010534651"
"0,9","4,17E-05","-0,001981638","-0,01038854"
"0,901","4,17E-05","-0,00188265","-0,010242428"
"0,902","4,17E-05","-0,001783346","-0,010086576"
"0,903","4,17E-05","-0,001684042","-0,009930723"
"0,904","4,17E-05","-0,001589293","-0,00977"
"0,905","4,17E-05","-0,001494544","-0,009609278"
"0,906","4,17E-05","-0,001409219","-0,009448555"
"0,907","4,17E-05","-0,001328449","-0,009282961"
"0,908","4,17E-05","-0,001252549","-0,009122239"
"0,909","4,17E-05","-0,001166908","-0,008951775"
"0,91","4,17E-05","-0,001090693","-0,008781311"
"0,911","4,17E-05","-0,001028456","-0,008605977"
"0,912","4,17E-05","-0,000951924","-0,008425773"
"0,913","4,17E-05","-0,000875076","-0,008235828"
"0,914","4,17E-05","-0,000812524","-0,008050753"
"0,915","4,17E-05","-0,000754841","-0,007870549"
"0,916","4,17E-05","-0,000711454","-0,007695215"
"0,917","4,17E-05","-0,000668067","-0,007519881"
"0,918","4,17E-05","-0,000634105","-0,007344547"
"0,919","4,17E-05","-0,000604697","-0,007164342"
"0,92","4,17E-05","-0,000565548","-0,006974397"
"0,921","4,17E-05","-0,000521529","-0,006779581"
"0,922","4,17E-05","-0,000486935","-0,006584766"
"0,923","4,17E-05","-0,000461765","-0,00638995"
"0,924","4,17E-05","-0,000436595","-0,006195135"
"0,925","4,39E-05","-0,000411426","-0,006000319"
"0,926","4,39E-05","-0,000400552","-0,005810374"
"0,927","4,39E-05","-0,000394232","-0,005615559"
"0,928","4,39E-05","-0,000392782","-0,005425613"
"0,929","4,39E-05","-0,000391332","-0,005235668"
"0,93","4,39E-05","-0,000380142","-0,005035982"
"0,931","4,39E-05","-0,000378376","-0,004836296"
"0,932","4,39E-05","-0,000381165","-0,00463174"
"0,933","4,39E-05","-0,000379083","-0,004422313"
"0,934","4,39E-05","-0,000377002","-0,004212886"
"0,935","4,39E-05","-0,00037005","-0,003998589"
"0,936","4,39E-05","-0,000377393","-0,003789163"
"0,937","4,39E-05","-0,000384736","-0,003579736"
"0,938","4,39E-05","-0,00039695","-0,00337518"
"0,939","4,39E-05","-0,000414034","-0,003175494"
"0,94","4,39E-05","-0,000426247","-0,002970937"
"0,941","4,39E-05","-0,00042872","-0,00275664"
"0,942","4,39E-05","-0,000440618","-0,002542343"
"0,943","4,39E-05","-0,00043822","-0,002323176"
"0,944","4,39E-05","-0,000430952","-0,002099138"
"0,945","4,39E-05","-0,000433109","-0,0018751"
"0,946","4,39E-05","-0,000440136","-0,001655932"
"0,947","4,39E-05","-0,000442609","-0,001441635"
"0,948","4,39E-05","-0,000454506","-0,001227338"
"0,949","4,39E-05","-0,000456979","-0,001013041"
"0,95","4,39E-05","-0,000459452","-0,000798744"
"0,951","4,39E-05","-0,000461925","-0,000584447"
"0,952","4,39E-05","-0,000459527","-0,000365279"
"0,953","4,39E-05","-0,000452259","-0,000141241"
"0,954","4,39E-05","-0,000444991","8,28E-05"
"0,955","4,39E-05","-0,000433169","0,000301964"
"0,956","4,61E-05","-0,000421346","0,000521132"
"0,957","4,61E-05","-0,000414394","0,000735429"
"0,958","4,61E-05","-0,000412313","0,000944855"
"0,959","4,61E-05","-0,000415101","0,001149412"
"0,96","4,61E-05","-0,000408465","0,001353968"
"0,961","4,61E-05","-0,000396959","0,001563395"
"0,962","4,61E-05","-0,000376028","0,001772822"
"0,963","4,61E-05","-0,000345356","0,001991989"
"0,964","4,61E-05","-0,000315","0,002201416"
"0,965","4,61E-05","-0,000284644","0,002410843"
"0,966","4,61E-05","-0,000264029","0,002610529"
"0,967","4,61E-05","-0,000253154","0,002800474"
"0,968","4,61E-05","-0,000227985","0,002995289"
"0,969","4,61E-05","-0,000207686","0,003185234"
"0,97","4,61E-05","-0,000168221","0,00338492"
"0,971","4,61E-05","-0,000133627","0,003579736"
"0,972","4,61E-05","-8,96E-05","0,003774551"
"0,973","4,61E-05","-3,13E-05","0,003974237"
"0,974","4,61E-05","7,86E-06","0,004164183"
"0,975","4,61E-05","6,59E-05","0,004354128"
"0,976","4,61E-05","0,000114111","0,004534332"
"0,977","4,61E-05","0,000162369","0,004714537"
"0,978","4,61E-05","0,00021031","0,004885"
"0,979","4,61E-05","0,000263122","0,005060334"
"0,98","4,61E-05","0,000330229","0,005240539"
"0,981","4,61E-05","0,000407077","0,005430484"
"0,982","4,61E-05","0,000488479","0,005615559"
"0,983","4,61E-05","0,000569882","0,005800633"
"0,984","4,61E-05","0,000650968","0,005975967"
"0,985","4,61E-05","0,000722313","0,006141561"
"0,986","4,61E-05","0,000803083","0,006307154"
"0,987","4,61E-05","0,000888408","0,006467877"
"0,988","4,61E-05","0,000964308","0,006628599"
"0,989","4,61E-05","0,001054503","0,006794193"
"0,99","4,61E-05","0,001158993","0,006964656"
"0,991","4,61E-05","0,001258613","0,007130249"
"0,992","4,61E-05","0,001367657","0,007295843"
"0,993","4,61E-05","0,001471832","0,007456566"
"0,994","4,61E-05","0,00158056","0,007612418"
"0,995","4,61E-05","0,001689289","0,00776827"
"0,996","4,83E-05","0,001798017","0,007924123"
"0,997","4,83E-05","0,001897005","0,008070235"
"0,998","4,83E-05","0,002000547","0,008211476"
"0,999","4,83E-05","0,002113514","0,008352717"
1,"4,83E-05","0,002226481","0,008493958"
"1,001","4,83E-05","0,002339448","0,0086352"
"1,002","4,83E-05","0,002457285","0,008781311"
"1,003","4,83E-05","0,002579677","0,008922553"
"1,004","4,83E-05","0,002692328","0,009054053"
"1,005","4,83E-05","0,002800109","0,009180683"
"1,006","4,83E-05","0,002903019","0,009302443"
"1,007","4,83E-05","0,003010483","0,009419332"
"1,008","4,83E-05","0,003113077","0,009531351"
"1,009","4,83E-05","0,003220542","0,009648241"
"1,01","4,83E-05","0,003323136","0,00976026"
"1,011","5,05E-05","0,003440026","0,009877149"
"1,012","5,05E-05","0,00354262","0,009989168"
"1,013","5,05E-05","0,003640343","0,010096316"
"1,014","5,05E-05","0,003742622","0,010198595"
"1,015","5,05E-05","0,003840029","0,010296002"
"1,016","5,05E-05","0,003923142","0,01038854"
"1,017","5,05E-05","0,004010809","0,010476207"
"1,018","5,05E-05","0,004098476","0,010563874"
"1,019","5,05E-05","0,004181273","0,01064667"
"1,02","5,05E-05","0,004254645","0,010729467"
"1,021","5,05E-05","0,004337441","0,010812264"
"1,022","5,05E-05","0,004415367","0,01089019"
"1,023","5,05E-05","0,004478998","0,010963246"
"1,024","5,27E-05","0,004552054","0,011036301"
"1,025","5,27E-05","0,004610815","0,011104487"
"1,026","5,27E-05","0,00467413","0,011167802"
"1,027","5,27E-05","0,00472802","0,011231117"
"1,028","5,27E-05","0,004781911","0,011294432"
"1,029","5,27E-05","0,00483093","0,011352877"
"1,03","5,27E-05","0,00487508","0,011406451"
"1,031","5,27E-05","0,004919229","0,011460025"
"1,032","5,27E-05","0,004963379","0,0115136"
"1,033","5,49E-05","0,005002658","0,011562303"
"1,034","5,49E-05","0,005037067","0,011606137"
"1,035","5,49E-05","0,005062051","0,01164997"
"1,036","5,49E-05","0,005087035","0,011693804"
"1,037","5,49E-05","0,005112019","0,011737637"
"1,038","5,49E-05","0,005127262","0,01177173"
"1,039","5,49E-05","0,005142505","0,011805823"
"1,04","5,49E-05","0,005143453","0,011835045"
"1,041","5,49E-05","0,005153826","0,011864268"
"1,042","5,49E-05","0,005149903","0,01188862"
"1,043","5,49E-05","0,005145981","0,011912971"
"1,044","5,49E-05","0,005137188","0,011932453"
"1,045","5,49E-05","0,005123525","0,011947064"
"1,046","5,49E-05","0,005104991","0,011956805"
"1,047","5,49E-05","0,005077033","0,011966546"
"1,048","5,49E-05","0,005053629","0,011971416"
"1,049","5,49E-05","0,0050208","0,011976287"
"1,05","5,49E-05","0,004992526","0,011976287"
"1,051","5,71E-05","0,004954827","0,011976287"
"1,052","5,71E-05","0,004907387","0,011966546"
"1,053","5,71E-05","0,004869372","0,011956805"
"1,054","5,71E-05","0,004817062","0,011942194"
"1,055","5,71E-05","0,004764751","0,011927583"
"1,056","5,71E-05","0,004716996","0,011908101"
"1,057","5,71E-05","0,004654944","0,011883749"
"1,058","5,71E-05","0,004592893","0,011859397"
"1,059","5,71E-05","0,004535397","0,011830175"
"1,06","5,71E-05","0,004463605","0,011796082"
"1,061","5,71E-05","0,004401238","0,011761989"
"1,062","5,71E-05","0,004319705","0,011718156"
"1,063","5,71E-05","0,004247597","0,011674322"
"1,064","5,71E-05","0,004170619","0,011625619"
"1,065","5,71E-05","0,004093641","0,011576915"
"1,066","5,71E-05","0,004011792","0,01152334"
"1,067","5,71E-05","0,003925073","0,011464896"
"1,068","5,71E-05","0,003847779","0,011406451"
"1,069","5,71E-05","0,00376106","0,011348006"
"1,07","5,71E-05","0,003678896","0,011284691"
"1,071","5,71E-05","0,003591861","0,011216506"
"1,072","5,71E-05","0,003499955","0,01114345"
"1,073","5,71E-05","0,003417474","0,011070394"
"1,074","5,71E-05","0,003334994","0,010997338"
"1,075","5,71E-05","0,003247643","0,010919412"
"1,076","5,71E-05","0,003164846","0,010836616"
"1,077","5,71E-05","0,00308205","0,010753819"
"1,078","5,71E-05","0,002994383","0,010666152"
"1,079","5,71E-05","0,002901845","0,010573615"
"1,08","5,71E-05","0,002813862","0,010476207"
"1,081","5,71E-05","0,00273562","0,01038854"
"1,082","5,71E-05","0,002661932","0,010296002"
"1,083","5,71E-05","0,002588244","0,010203465"
"1,084","5,71E-05","0,002514557","0,010110928"
"1,085","5,71E-05","0,002445423","0,01001352"
"1,086","5,71E-05","0,002366549","0,009906371"
"1,087","5,71E-05","0,002292229","0,009794352"
"1,088","5,71E-05","0,002217909","0,009682333"
"1,089","5,71E-05","0,002138719","0,009565444"
"1,09","5,71E-05","0,002073824","0,009453425"
"1,091","5,71E-05","0,002008929","0,009341406"
"1,092","5,71E-05","0,001953459","0,009229387"
"1,093","5,71E-05","0,001893118","0,009112498"
"1,094","5,71E-05","0,001837332","0,008990738"
"1,095","5,71E-05","0,001781545","0,008868978"
"1,096","5,71E-05","0,001716018","0,008737478"
"1,097","5,71E-05","0,001659916","0,008605977"
"1,098","5,71E-05","0,001598943","0,008469606"
"1,099","5,71E-05","0,001547395","0,008333236"
"1,1","5,71E-05","0,001505272","0,008196865"
"1,101","5,71E-05","0,001463149","0,008060494"
"1,102","5,71E-05","0,001421026","0,007924123"
"1,103","5,71E-05","0,001378903","0,007787752"
"1,104","5,71E-05","0,001341334","0,007646511"
"1,105","5,71E-05","0,001298895","0,007500399"
"1,106","5,71E-05","0,001265881","0,007354287"
"1,107","5,71E-05","0,00123255","0,007198435"
"1,108","5,71E-05","0,001189795","0,007042582"
"1,109","5,71E-05","0,00116589","0,00688673"
"1,11","5,71E-05","0,001132559","0,006730878"
"1,111","5,71E-05","0,001108654","0,006575025"
"1,112","5,71E-05","0,001089303","0,006414302"
"1,113","5,71E-05","0,001060527","0,006253579"
"1,114","5,71E-05","0,001046046","0,006097727"
"1,115","5,71E-05","0,001021824","0,005932134"
"1,116","5,71E-05","0,001011898","0,005771411"
"1,117","5,71E-05","0,000997101","0,005605818"
"1,118","5,71E-05","0,000977434","0,005435354"
"1,119","5,71E-05","0,000962321","0,00526002"
"1,12","5,71E-05","0,000952079","0,005089557"
"1,121","5,71E-05","0,000941837","0,004919093"
"1,122","5,71E-05","0,000945889","0,0047535"
"1,123","5,71E-05","0,000949942","0,004587906"
"1,124","5,71E-05","0,00094457","0,004422313"
"1,125","5,71E-05","0,000943753","0,00425185"
"1,126","5,71E-05","0,000938065","0,004076516"
"1,127","5,71E-05","0,000932377","0,003901182"
"1,128","5,71E-05","0,000936113","0,003725848"
"1,129","5,71E-05","0,000930425","0,003550514"
"1,13","5,71E-05","0,000939032","0,00338005"
"1,131","5,71E-05","0,00095251","0,003214457"
"1,132","5,71E-05","0,000956247","0,003039123"
"1,133","5,71E-05","0,000959984","0,002863789"
"1,134","5,71E-05","0,00095885","0,002683584"
"1,135","5,71E-05","0,000957716","0,00250338"
"1,136","5,71E-05","0,000942288","0,002318305"
"1,137","5,71E-05","0,000946024","0,002142971"
"1,138","5,71E-05","0,000940336","0,001967637"
"1,139","5,71E-05","0,000948944","0,001797174"
"1,14","5,71E-05","0,00095268","0,00162184"
"1,141","5,71E-05","0,000961287","0,001451376"
"1,142","5,71E-05","0,000955599","0,001276042"
"1,143","5,71E-05","0,000945041","0,001095838"
"1,144","5,71E-05","0,000934483","0,000915633"
"1,145","5,71E-05","0,000923924","0,000735429"
"1,146","5,71E-05","0,000913366","0,000555224"
"1,147","5,71E-05","0,000893383","0,00037502"
"1,148","5,71E-05","0,00087827","0,000199686"
"1,149","5,71E-05","0,000868028","2,92E-05"
"1,15","5,71E-05","0,000857785","-0,000141241"
"1,151","5,71E-05","0,000838118","-0,000311705"
"1,152","5,71E-05","0,000827876","-0,000482169"
"1,153","5,71E-05","0,000793913","-0,000657503"
"1,154","5,71E-05","0,000764505","-0,000837707"
"1,155","5,71E-05","0,000725673","-0,001017911"
"1,156","5,71E-05","0,00068684","-0,001198116"
"1,157","5,71E-05","0,000638582","-0,00137832"
"1,158","5,71E-05","0,000600066","-0,001548784"
"1,159","5,71E-05","0,000561549","-0,001719247"
"1,16","5,71E-05","0,000523348","-0,00187997"
"1,161","5,71E-05","0,000485148","-0,002040693"
"1,162","5,71E-05","0,000446947","-0,002201416"
"1,163","5,71E-05","0,000399321","-0,002362139"
"1,164","5,71E-05","0,000351696","-0,002522862"
"1,165","5,71E-05","0,000294329","-0,002693325"
"1,166","5,71E-05","0,000227538","-0,002863789"
"1,167","5,71E-05","0,000156193","-0,003029382"
"1,168","5,71E-05","8,97E-05","-0,003190105"
"1,169","5,71E-05","2,81E-05","-0,003345957"
"1,17","5,71E-05","-2,38E-05","-0,003492069"
"1,171","5,71E-05","-8,50E-05","-0,003638181"
"1,172","5,71E-05","-0,000146328","-0,003784292"
"1,173","5,71E-05","-0,000217041","-0,003930404"
"1,174","5,71E-05","-0,000292625","-0,004081386"
"1,175","5,71E-05","-0,000368209","-0,004232368"
"1,176","5,71E-05","-0,000448347","-0,00437848"
"1,177","5,71E-05","-0,000528486","-0,004524591"
"1,178","5,71E-05","-0,000618049","-0,004670703"
"1,179","5,71E-05","-0,000688446","-0,004807074"
"1,18","5,71E-05","-0,000768268","-0,004943445"
"1,181","5,71E-05","-0,00084322","-0,005074945"
"1,182","5,71E-05","-0,000922726","-0,005201575"
"1,183","5,71E-05","-0,001007103","-0,005333076"
"1,184","5,71E-05","-0,001091479","-0,005464576"
"1,185","5,71E-05","-0,001185281","-0,005596077"
"1,186","5,71E-05","-0,001264787","-0,005722707"
"1,187","5,71E-05","-0,001353718","-0,005849337"
"1,188","5,71E-05","-0,001447203","-0,005971097"
"1,189","5,71E-05","-0,001526394","-0,006087986"
"1,19","5,71E-05","-0,001615009","-0,006204876"
"1,191","5,71E-05","-0,001689329","-0,006316895"
"1,192","5,71E-05","-0,001777944","-0,006433784"
"1,193","5,71E-05","-0,001871113","-0,006545803"
"1,194","5,71E-05","-0,001959728","-0,006662692"
"1,195","5,71E-05","-0,002052897","-0,006774711"
"1,196","5,71E-05","-0,002146067","-0,00688673"
"1,197","5,71E-05","-0,002220071","-0,006989008"
"1,198","5,71E-05","-0,00230837","-0,007096157"
"1,199","5,71E-05","-0,002386928","-0,007193565"
"1,2","5,71E-05","-0,002460616","-0,007286102"
"1,201","5,71E-05","-0,002534303","-0,007378639"
"1,202","5,71E-05","-0,002607991","-0,007471177"
"1,203","5,71E-05","-0,002681679","-0,007563714"
"1,204","5,71E-05","-0,002764792","-0,007656252"
"1,205","5,71E-05","-0,00283848","-0,007748789"
"1,206","5,71E-05","-0,002907297","-0,007836456"
"1,207","5,71E-05","-0,002980669","-0,007919253"
"1,208","5,71E-05","-0,003039746","-0,007997179"
"1,209","5,71E-05","-0,003098822","-0,008075105"
"1,21","5,71E-05","-0,003153028","-0,008148161"
"1,211","5,71E-05","-0,003202364","-0,008216346"
"1,212","5,71E-05","-0,003265995","-0,008289402"
"1,213","5,71E-05","-0,003315331","-0,008357588"
"1,214","5,71E-05","-0,003364667","-0,008425773"
"1,215","5,71E-05","-0,003409133","-0,008489088"
"1,216","5,49E-05","-0,003453598","-0,008552403"
"1,217","5,49E-05","-0,003493193","-0,008610848"
"1,218","5,49E-05","-0,003532788","-0,008669292"
"1,219","5,49E-05","-0,003558088","-0,008722867"
"1,22","5,49E-05","-0,003587943","-0,008771571"
"1,221","5,49E-05","-0,003608372","-0,008820274"
"1,222","5,49E-05","-0,003628486","-0,008859238"
"1,223","5,49E-05","-0,003644045","-0,008903071"
"1,224","5,49E-05","-0,003654734","-0,008942034"
"1,225","5,49E-05","-0,003665423","-0,008980997"
"1,226","5,49E-05","-0,003671241","-0,00901509"
"1,227","5,49E-05","-0,003672189","-0,009044312"
"1,228","5,49E-05","-0,003663712","-0,009073535"
"1,229","5,27E-05","-0,00366466","-0,009102757"
"1,23","5,27E-05","-0,003646443","-0,009122239"
"1,231","5,27E-05","-0,00363765","-0,00914172"
"1,232","5,27E-05","-0,003619432","-0,009161202"
"1,233","5,27E-05","-0,003610639","-0,009180683"
"1,234","5,27E-05","-0,003601847","-0,009200165"
"1,235","5,27E-05","-0,003588184","-0,009214776"
"1,236","5,27E-05","-0,00356965","-0,009224517"
"1,237","5,27E-05","-0,003551116","-0,009234258"
"1,238","5,27E-05","-0,003527712","-0,009239128"
"1,239","5,27E-05","-0,003504309","-0,009243998"
"1,24","5,27E-05","-0,003480905","-0,009248869"
"1,241","5,27E-05","-0,003462055","-0,009248869"
"1,242","5,27E-05","-0,00342891","-0,009243998"
"1,243","5,27E-05","-0,003395766","-0,009239128"
"1,244","5,27E-05","-0,003372046","-0,009234258"
"1,245","5,27E-05","-0,003338901","-0,009229387"
"1,246","5,27E-05","-0,003310311","-0,009219646"
"1,247","5,27E-05","-0,00328172","-0,009209906"
"1,248","5,27E-05","-0,00324826","-0,009195294"
"1,249","5,27E-05","-0,003209928","-0,009175813"
"1,25","5,27E-05","-0,003181022","-0,009156331"
"1,251","5,27E-05","-0,003137821","-0,009131979"
"1,252","5,27E-05","-0,003104044","-0,009107627"
"1,253","5,27E-05","-0,003060842","-0,009083275"
"1,254","5,27E-05","-0,003022195","-0,009054053"
"1,255","5,27E-05","-0,002988419","-0,009029701"
"1,256","5,27E-05","-0,002944901","-0,008995608"
"1,257","5,27E-05","-0,002910808","-0,008961516"
"1,258","5,27E-05","-0,002876716","-0,008927423"
"1,259","5,27E-05","-0,002832882","-0,00888359"
"1,26","5,27E-05","-0,002789049","-0,008839756"
"1,261","5,27E-05","-0,002745215","-0,008795923"
"1,262","5,05E-05","-0,002696511","-0,008747219"
"1,263","5,05E-05","-0,002652362","-0,008693644"
"1,264","5,05E-05","-0,002608212","-0,00864007"
"1,265","5,05E-05","-0,002564063","-0,008586496"
"1,266","5,05E-05","-0,002519913","-0,008532922"
"1,267","5,05E-05","-0,002470893","-0,008474477"
"1,268","5,05E-05","-0,002426428","-0,008411162"
"1,269","5,05E-05","-0,002372538","-0,008347847"
"1,27","5,05E-05","-0,002332626","-0,008279661"
"1,271","5,05E-05","-0,002283291","-0,008211476"
"1,272","5,05E-05","-0,002229084","-0,00813842"
"1,273","5,05E-05","-0,002184303","-0,008065364"
"1,274","5,05E-05","-0,002139521","-0,007992308"
"1,275","5,05E-05","-0,00209474","-0,007919253"
"1,276","5,05E-05","-0,002045088","-0,007841326"
"1,277","5,05E-05","-0,002004861","-0,0077634"
"1,278","5,05E-05","-0,001959763","-0,007680603"
"1,279","5,05E-05","-0,001914666","-0,007597807"
"1,28","5,05E-05","-0,001869568","-0,00751501"
"1,281","5,05E-05","-0,001833896","-0,007432214"
"1,282","5,05E-05","-0,001793352","-0,007344547"
"1,283","5,05E-05","-0,001738514","-0,007252009"
"1,284","5,05E-05","-0,001707396","-0,007164342"
"1,285","5,05E-05","-0,001661982","-0,007071805"
"1,286","5,05E-05","-0,001625994","-0,006979267"
"1,287","5,05E-05","-0,001590005","-0,00688673"
"1,288","5,05E-05","-0,001554016","-0,006794193"
"1,289","5,05E-05","-0,001513157","-0,006696785"
"1,29","5,05E-05","-0,001481723","-0,006599377"
"1,291","5,05E-05","-0,001445418","-0,006497099"
"1,292","4,83E-05","-0,001409113","-0,006394821"
"1,293","4,83E-05","-0,001382233","-0,006292543"
"1,294","4,83E-05","-0,001350483","-0,006185394"
"1,295","4,83E-05","-0,001323603","-0,006083116"
"1,296","4,83E-05","-0,001282428","-0,005975967"
"1,297","4,83E-05","-0,001260102","-0,005868819"
"1,298","4,83E-05","-0,001228352","-0,00576167"
"1,299","4,83E-05","-0,001201156","-0,005649651"
"1,3","4,83E-05","-0,00117883","-0,005542503"
"1,301","4,83E-05","-0,001146764","-0,005425613"
"1,302","4,83E-05","-0,001124123","-0,005308724"
"1,303","4,83E-05","-0,001096611","-0,005186964"
"1,304","4,83E-05","-0,001059674","-0,005065205"
"1,305","4,83E-05","-0,001032162","-0,004943445"
"1,306","4,83E-05","-0,001014075","-0,004821685"
"1,307","4,83E-05","-0,000986563","-0,004699925"
"1,308","4,83E-05","-0,000959051","-0,004578166"
"1,309","4,83E-05","-0,000940964","-0,004456406"
"1,31","4,83E-05","-0,000918006","-0,004329776"
"1,311","4,83E-05","-0,000890178","-0,004198275"
"1,312","4,83E-05","-0,00086235","-0,004066775"
"1,313","4,83E-05","-0,000834522","-0,003935274"
"1,314","4,83E-05","-0,000816119","-0,003803774"
"1,315","4,83E-05","-0,000783421","-0,003667403"
"1,316","4,83E-05","-0,000765018","-0,003535902"
"1,317","4,83E-05","-0,000741744","-0,003399532"
"1,318","4,83E-05","-0,000723341","-0,003268031"
"1,319","4,83E-05","-0,000704938","-0,003136531"
"1,32","4,83E-05","-0,000681664","-0,00300016"
"1,321","4,83E-05","-0,000658391","-0,002863789"
"1,322","4,83E-05","-0,000635117","-0,002727418"
"1,323","4,83E-05","-0,000616398","-0,002586177"
"1,324","4,83E-05","-0,000593124","-0,002449806"
"1,325","4,83E-05","-0,000574405","-0,002308564"
"1,326","4,83E-05","-0,000551132","-0,002172193"
"1,327","4,83E-05","-0,000537283","-0,002035823"
"1,328","4,83E-05","-0,000514009","-0,001899452"
"1,329","4,83E-05","-0,000500161","-0,001763081"
"1,33","4,83E-05","-0,000486312","-0,00162671"
"1,331","4,83E-05","-0,000463038","-0,001490339"
"1,332","4,83E-05","-0,000444319","-0,001349098"
"1,333","4,83E-05","-0,000421046","-0,001212727"
"1,334","4,83E-05","-0,000397772","-0,001076356"
"1,335","4,83E-05","-0,000388794","-0,000944855"
"1,336","4,83E-05","-0,00036552","-0,000808485"
"1,337","4,83E-05","-0,000347117","-0,000676984"
"1,338","4,83E-05","-0,000333268","-0,000540613"
"1,339","4,83E-05","-0,000305124","-0,000399372"
"1,34","4,83E-05","-0,00027698","-0,000258131"
"1,341","4,83E-05","-0,000253707","-0,00012176"
"1,342","4,83E-05","-0,000221008","1,46E-05"
"1,343","4,83E-05","-0,000202605","0,000146112"
"1,344","4,83E-05","-0,000184202","0,000277612"
"1,345","4,83E-05","-0,000156374","0,000409113"
"1,346","4,83E-05","-0,000128546","0,000540613"
"1,347","4,83E-05","-9,58E-05","0,000676984"
"1,348","4,83E-05","-6,80E-05","0,000808485"
"1,349","4,83E-05","-3,53E-05","0,000944855"
"1,35","4,83E-05","-2,62E-06","0,001081226"
"1,351","4,83E-05","2,52E-05","0,001212727"
"1,352","4,83E-05","6,25E-05","0,001344227"
"1,353","4,83E-05","0,000104581","0,001480598"
"1,354","4,83E-05","0,000136963","0,001607228"
"1,355","4,83E-05","0,000169345","0,001733858"
"1,356","4,83E-05","0,000201728","0,001860489"
"1,357","4,83E-05","0,00023411","0,001987119"
"1,358","4,83E-05","0,000275917","0,002113749"
"1,359","4,83E-05","0,000322595","0,002245249"
"1,36","4,83E-05","0,000369272","0,00237675"
"1,361","4,83E-05","0,00041595","0,00250825"
"1,362","4,83E-05","0,000457757","0,00263488"
"1,363","4,83E-05","0,000504118","0,00275664"
"1,364","5,05E-05","0,000545609","0,00287353"
"1,365","5,05E-05","0,0005871","0,002990419"
"1,366","5,05E-05","0,000628592","0,003107308"
"1,367","5,05E-05","0,000684378","0,003229068"
"1,368","4,83E-05","0,000725869","0,003345957"
"1,369","4,83E-05","0,000781655","0,003467717"
"1,37","5,05E-05","0,000837442","0,003589477"
"1,371","5,05E-05","0,000888357","0,003706366"
"1,372","5,05E-05","0,000934403","0,003818385"
"1,373","5,05E-05","0,000975578","0,003925534"
"1,374","4,83E-05","0,001026178","0,004032682"
"1,375","5,05E-05","0,001071907","0,00413496"
"1,376","5,05E-05","0,001122507","0,004242109"
"1,377","5,05E-05","0,001168237","0,004344387"
"1,378","5,05E-05","0,001228261","0,004451536"
"1,379","5,05E-05","0,001278861","0,004558684"
"1,38","5,05E-05","0,001334016","0,004660962"
"1,381","5,05E-05","0,0013843","0,00475837"
"1,382","5,05E-05","0,001429713","0,004850907"
"1,383","5,05E-05","0,001475127","0,004943445"
"1,384","5,05E-05","0,00152054","0,005035982"
"1,385","5,05E-05","0,001575378","0,00512852"
"1,386","5,05E-05","0,001625346","0,005216187"
"1,387","5,05E-05","0,001670444","0,005298983"
"1,388","5,05E-05","0,001720412","0,00538665"
"1,389","5,05E-05","0,001765509","0,005469447"
"1,39","5,05E-05","0,001820031","0,005552243"
"1,391","5,05E-05","0,001865129","0,00563504"
"1,392","5,05E-05","0,001910226","0,005717837"
"1,393","5,05E-05","0,001959878","0,005795763"
"1,394","5,05E-05","0,00200953","0,005873689"
"1,395","5,05E-05","0,002054312","0,005946745"
"1,396","5,05E-05","0,002099093","0,006019801"
"1,397","5,05E-05","0,002143875","0,006092857"
"1,398","5,05E-05","0,002198081","0,006165912"
"1,399","5,05E-05","0,002237992","0,006234098"
"1,4","5,05E-05","0,002277903","0,006302283"
"1,401","5,05E-05","0,002322369","0,006365598"
"1,402","5,05E-05","0,002361964","0,006424043"
"1,403","5,05E-05","0,002397005","0,006487358"
"1,404","5,05E-05","0,0024366","0,006545803"
"1,405","5,05E-05","0,002476195","0,006604247"
"1,406","5,05E-05","0,002506365","0,006662692"
"1,407","5,05E-05","0,00254109","0,006716266"
"1,408","5,05E-05","0,002575815","0,006769841"
"1,409","5,05E-05","0,002615094","0,006818545"
"1,41","5,05E-05","0,002644948","0,006867248"
"1,411","5,05E-05","0,002674802","0,006915952"
"1,412","5,05E-05","0,002704657","0,006964656"
"1,413","5,05E-05","0,002729641","0,00700849"
"1,414","5,05E-05","0,002749754","0,007047453"
"1,415","5,05E-05","0,002769868","0,007086416"
"1,416","5,05E-05","0,002789981","0,007125379"
"1,417","5,05E-05","0,00281952","0,007164342"
"1,418","5,05E-05","0,002834763","0,007198435"
"1,419","5,05E-05","0,002850006","0,007232528"
"1,42","5,05E-05","0,002869803","0,00726175"
"1,421","5,05E-05","0,002880176","0,007290972"
"1,422","5,05E-05","0,002880808","0,007310454"
"1,423","5,05E-05","0,00288144","0,007329935"
"1,424","5,05E-05","0,002891497","0,007349417"
"1,425","5,05E-05","0,002892129","0,007368899"
"1,426","5,05E-05","0,002902186","0,00738838"
"1,427","5,05E-05","0,002897947","0,007402991"
"1,428","5,05E-05","0,002903134","0,007417602"
"1,429","5,05E-05","0,002894025","0,007427343"
"1,43","5,05E-05","0,002894341","0,007437084"
"1,431","5,05E-05","0,002889787","0,007441954"
"1,432","5,05E-05","0,002870937","0,007441954"
"1,433","5,27E-05","0,002861512","0,007441954"
"1,434","5,27E-05","0,002852088","0,007441954"
"1,435","5,27E-05","0,002842663","0,007441954"
"1,436","5,27E-05","0,002828368","0,007437084"
"1,437","5,27E-05","0,002818943","0,007437084"
"1,438","5,27E-05","0,002804648","0,007432214"
"1,439","5,27E-05","0,002799777","0,007427343"
"1,44","5,27E-05","0,002780612","0,007417602"
"1,441","5,27E-05","0,002766001","0,007402991"
"1,442","5,27E-05","0,002741965","0,00738838"
"1,443","5,27E-05","0,002727353","0,007373769"
"1,444","5,27E-05","0,002707872","0,007354287"
"1,445","5,27E-05","0,00268839","0,007334806"
"1,446","5,27E-05","0,002668909","0,007315324"
"1,447","5,27E-05","0,002649427","0,007295843"
"1,448","5,27E-05","0,002625075","0,007271491"
"1,449","5,27E-05","0,002600723","0,007247139"
"1,45","5,27E-05","0,002585796","0,007222787"
"1,451","5,27E-05","0,002556574","0,007193565"
"1,452","5,27E-05","0,002527351","0,007164342"
"1,453","5,27E-05","0,002502684","0,007130249"
"1,454","5,27E-05","0,002478016","0,007096157"
"1,455","5,27E-05","0,002439052","0,007057194"
"1,456","5,27E-05","0,002414385","0,007023101"
"1,457","5,27E-05","0,002384846","0,006984138"
"1,458","5,27E-05","0,002345883","0,006945175"
"1,459","5,27E-05","0,002311474","0,006901341"
"1,46","5,27E-05","0,002277066","0,006857508"
"1,461","5,27E-05","0,002242657","0,006813674"
"1,462","5,27E-05","0,002203378","0,00676497"
"1,463","5,27E-05","0,002164099","0,006716266"
"1,464","5,27E-05","0,002134244","0,006667563"
"1,465","5,27E-05","0,002094965","0,006618859"
"1,466","5,27E-05","0,002060241","0,006565284"
"1,467","5,27E-05","0,002025516","0,00651171"
"1,468","5,27E-05","0,001971626","0,006448395"
"1,469","5,27E-05","0,00193203","0,00638995"
"1,47","5,27E-05","0,001887565","0,006326635"
"1,471","5,27E-05","0,00184797","0,006268191"
"1,472","5,27E-05","0,001817799","0,006209746"
"1,473","5,27E-05","0,001778204","0,006151301"
"1,474","5,27E-05","0,001743164","0,006087986"
"1,475","5,27E-05","0,001708123","0,006024671"
"1,476","5,27E-05","0,001668212","0,005956486"
"1,477","5,27E-05","0,00162343","0,00588343"
"1,478","5,27E-05","0,001588074","0,005810374"
"1,479","5,27E-05","0,001543292","0,005737318"
"1,48","5,27E-05","0,001507935","0,005664262"
"1,481","5,27E-05","0,001472579","0,005591207"
"1,482","5,27E-05","0,001437222","0,005518151"
"1,483","5,27E-05","0,001401865","0,005445095"
"1,484","5,27E-05","0,001375933","0,005372039"
"1,485","5,27E-05","0,001335706","0,005294113"
"1,486","5,27E-05","0,001304904","0,005216187"
"1,487","5,27E-05","0,001269231","0,00513339"
"1,488","5,27E-05","0,001233558","0,005050593"
"1,489","5,27E-05","0,00120244","0,004962926"
"1,49","5,27E-05","0,001166767","0,00488013"
"1,491","5,27E-05","0,001140519","0,004797333"
"1,492","5,27E-05","0,001119142","0,004719407"
"1,493","5,27E-05","0,001102319","0,00463661"
"1,494","5,27E-05","0,001076071","0,004553814"
"1,495","5,27E-05","0,001044952","0,004466147"
"1,496","5,27E-05","0,001018388","0,004373609"
"1,497","5,27E-05","0,000991824","0,004281072"
"1,498","5,27E-05","0,00096526","0,004188535"
"1,499","5,27E-05","0,000948121","0,004095997"
"1,5","5,27E-05","0,000921557","0,00400346"
"1,501","5,27E-05","0,000904418","0,003910922"
"1,502","5,27E-05","0,000892149","0,003823255"
"1,503","5,27E-05","0,00087014","0,003725848"
"1,504","5,27E-05","0,000853001","0,00363331"
"1,505","5,27E-05","0,000826121","0,003531032"
"1,506","5,27E-05","0,000804111","0,003433624"
"1,507","5,27E-05","0,000791526","0,003336216"
"1,508","5,27E-05","0,000774071","0,003233938"
"1,509","5,27E-05","0,000761486","0,003136531"
"1,51","5,27E-05","0,000748902","0,003039123"
"1,511","5,27E-05","0,000731447","0,002936845"
"1,512","5,27E-05","0,000718862","0,002839437"
"1,513","5,27E-05","0,000701407","0,002737159"
"1,514","5,27E-05","0,000683951","0,00263488"
"1,515","5,27E-05","0,000675921","0,002532602"
"1,516","5,27E-05","0,000653595","0,002425454"
"1,517","5,27E-05","0,000640695","0,002318305"
"1,518","5,27E-05","0,000632664","0,002216027"
"1,519","5,27E-05","0,000610339","0,002108878"
"1,52","5,27E-05","0,000602308","0,0020066"
"1,521","5,27E-05","0,000594278","0,001904322"
"1,522","5,27E-05","0,000586248","0,001802044"
"1,523","5,27E-05","0,000568792","0,001699766"
"1,524","5,27E-05","0,000555892","0,001592617"
"1,525","5,27E-05","0,00053812","0,001480598"
"1,526","5,27E-05","0,00052522","0,00137345"
"1,527","5,27E-05","0,000517189","0,001271172"
"1,528","5,27E-05","0,000509159","0,001168893"
"1,529","5,27E-05","0,000501129","0,001066615"
"1,53","5,27E-05","0,000497969","0,000969207"
"1,531","5,27E-05","0,000489938","0,000866929"
"1,532","5,27E-05","0,000477037","0,000759781"
"1,533","5,27E-05","0,000469007","0,000657503"
"1,534","5,27E-05","0,000451236","0,000545484"
"1,535","5,27E-05","0,00042891","0,000438335"
"1,536","5,27E-05","0,00042088","0,000336057"
"1,537","5,27E-05","0,000412849","0,000233779"
"1,538","5,27E-05","0,000400265","0,000136371"
"1,539","5,27E-05","0,000397105","3,90E-05"
"1,54","5,27E-05","0,00038452","-5,84E-05"
"1,541","5,27E-05","0,000371935","-0,000155852"
"1,542","5,27E-05","0,00035448","-0,000258131"
"1,543","5,27E-05","0,000337025","-0,000360409"
"1,544","5,27E-05","0,00031957","-0,000462687"
"1,545","5,27E-05","0,000302114","-0,000564965"
"1,546","5,27E-05","0,000280105","-0,000662373"
"1,547","5,27E-05","0,000272391","-0,00075491"
"1,548","5,27E-05","0,000255251","-0,000847448"
"1,549","5,27E-05","0,000238112","-0,000939985"
"1,55","5,27E-05","0,000220973","-0,001032522"
"1,551","5,27E-05","0,000194409","-0,00112506"
"1,552","5,27E-05","0,000162975","-0,001222468"
"1,553","5,27E-05","0,000145836","-0,001315005"
"1,554","5,27E-05","0,000114401","-0,001412413"
"1,555","5,27E-05","7,35E-05","-0,001509821"
"1,556","5,27E-05","5,18E-05","-0,001597488"
"1,557","5,27E-05","3,02E-05","-0,001685155"
"1,558","5,27E-05","-9,63E-07","-0,001772822"
"1,559","5,27E-05","-2,72E-05","-0,001855618"
"1,56","5,27E-05","-6,78E-05","-0,001943285"
"1,561","5,27E-05","-0,000103743","-0,002035823"
"1,562","5,27E-05","-0,000144286","-0,00212349"
"1,563","5,27E-05","-0,000179959","-0,002206286"
"1,564","5,27E-05","-0,000215632","-0,002289083"
"1,565","5,27E-05","-0,000251304","-0,002371879"
"1,566","5,27E-05","-0,000286661","-0,002444935"
"1,567","5,27E-05","-0,000317463","-0,002522862"
"1,568","5,27E-05","-0,000357691","-0,002600788"
"1,569","5,27E-05","-0,000393047","-0,002673844"
"1,57","5,27E-05","-0,000442699","-0,00275177"
"1,571","5,27E-05","-0,000473186","-0,002819955"
"1,572","5,27E-05","-0,000517967","-0,002893011"
"1,573","5,27E-05","-0,000557878","-0,002961197"
"1,574","5,27E-05","-0,000597789","-0,003029382"
"1,575","5,27E-05","-0,000647125","-0,003097567"
"1,576","5,27E-05","-0,000687036","-0,003165753"
"1,577","5,27E-05","-0,000722077","-0,003229068"
"1,578","5,27E-05","-0,000761672","-0,003287513"
"1,579","5,27E-05","-0,000801267","-0,003345957"
"1,58","5,27E-05","-0,000840862","-0,003404402"
"1,581","5,27E-05","-0,000889882","-0,003462847"
"1,582","5,27E-05","-0,000924607","-0,003516421"
"1,583","5,27E-05","-0,000968756","-0,003569995"
"1,584","5,27E-05","-0,001008036","-0,003618699"
"1,585","5,27E-05","-0,001047315","-0,003667403"
"1,586","5,27E-05","-0,001086594","-0,003716107"
"1,587","5,27E-05","-0,001121002","-0,00375994"
"1,588","5,27E-05","-0,001155411","-0,003803774"
"1,589","5,27E-05","-0,001194374","-0,003842737"
"1,59","5,27E-05","-0,001223913","-0,0038817"
"1,591","5,27E-05","-0,001262876","-0,003920663"
"1,592","5,27E-05","-0,001292414","-0,003959626"
"1,593","5,27E-05","-0,001326507","-0,003993719"
"1,594","5,27E-05","-0,001355729","-0,004022941"
"1,595","5,27E-05","-0,001389822","-0,004057034"
"1,596","5,27E-05","-0,001419044","-0,004086256"
"1,597","5,27E-05","-0,001443396","-0,004110608"
"1,598","5,27E-05","-0,001463194","-0,004139831"
"1,599","5,27E-05","-0,001487546","-0,004164183"
"1,6","5,27E-05","-0,001511898","-0,004188535"
"1,601","5,27E-05","-0,00153625","-0,004212886"
"1,602","5,27E-05","-0,001555731","-0,004232368"
"1,603","5,27E-05","-0,001575213","-0,00425185"
"1,604","5,27E-05","-0,001594694","-0,004271331"
"1,605","5,27E-05","-0,001609305","-0,004285942"
"1,606","5,27E-05","-0,001623917","-0,004300553"
"1,607","5,27E-05","-0,001633657","-0,004310294"
"1,608","5,27E-05","-0,001633973","-0,004320035"
"1,609","5,27E-05","-0,001638844","-0,004324905"
"1,61","5,27E-05","-0,001648584","-0,004334646"
"1,611","5,27E-05","-0,00164403","-0,004339517"
"1,612","5,27E-05","-0,0016489","-0,004344387"
"1,613","5,27E-05","-0,001644346","-0,004349257"
"1,614","5,27E-05","-0,001644346","-0,004349257"
"1,615","5,27E-05","-0,001644346","-0,004349257"
"1,616","5,27E-05","-0,001639476","-0,004344387"
"1,617","5,27E-05","-0,001625181","-0,004339517"
"1,618","5,27E-05","-0,00162031","-0,004334646"
"1,619","5,27E-05","-0,00161544","-0,004329776"
"1,62","5,27E-05","-0,001610569","-0,004324905"
"1,621","5,27E-05","-0,001605699","-0,004320035"
"1,622","5,27E-05","-0,001591404","-0,004315165"
"1,623","5,27E-05","-0,001581663","-0,004305424"
"1,624","5,27E-05","-0,001571922","-0,004295683"
"1,625","5,27E-05","-0,001562181","-0,004285942"
"1,626","5,27E-05","-0,001552441","-0,004276202"
"1,627","5,27E-05","-0,00153783","-0,00426159"
"1,628","5,27E-05","-0,001518348","-0,004242109"
"1,629","5,27E-05","-0,001503737","-0,004227498"
"1,63","5,27E-05","-0,001489126","-0,004212886"
"1,631","5,27E-05","-0,001469644","-0,004193405"
"1,632","5,27E-05","-0,001455033","-0,004178794"
"1,633","5,27E-05","-0,001435551","-0,004159312"
"1,634","5,27E-05","-0,00142094","-0,004144701"
"1,635","5,27E-05","-0,001396588","-0,004120349"
"1,636","5,27E-05","-0,001377107","-0,004100868"
"1,637","5,27E-05","-0,001352755","-0,004076516"
"1,638","5,27E-05","-0,001337828","-0,004052164"
"1,639","5,27E-05","-0,001308605","-0,004022941"
"1,64","5,27E-05","-0,001284253","-0,003998589"
"1,641","5,27E-05","-0,001259901","-0,003974237"
"1,642","5,27E-05","-0,001230679","-0,003945015"
"1,643","5,27E-05","-0,001201457","-0,003915793"
"1,644","5,27E-05","-0,001177105","-0,003891441"
"1,645","5,27E-05","-0,00111379","-0,003828126"
"1,646","5,27E-05","-0,001123214","-0,003828126"
"1,647","5,27E-05","-0,001089122","-0,003794033"
"1,648","5,27E-05","-0,001059899","-0,003764811"
"1,649","5,27E-05","-0,001020936","-0,003725848"
"1,65","5,27E-05","-0,000996268","-0,003691755"
"1,651","5,27E-05","-0,000967046","-0,003662533"
"1,652","5,27E-05","-0,000942378","-0,00362844"
"1,653","5,27E-05","-0,00091771","-0,003594347"
"1,654","5,27E-05","-0,000883617","-0,003560254"
"1,655","5,27E-05","-0,000854079","-0,003521291"
"1,656","5,27E-05","-0,000829411","-0,003487199"
"1,657","5,27E-05","-0,000799873","-0,003448235"
"1,658","5,27E-05","-0,000770334","-0,003409272"
"1,659","5,27E-05","-0,000740796","-0,003370309"
"1,66","5,27E-05","-0,000720683","-0,003331346"
"1,661","5,27E-05","-0,000691144","-0,003292383"
"1,662","5,27E-05","-0,000675901","-0,00325829"
"1,663","5,27E-05","-0,000655788","-0,003219327"
"1,664","5,27E-05","-0,000626249","-0,003180364"
"1,665","5,27E-05","-0,000606136","-0,003141401"
"1,666","5,27E-05","-0,000581152","-0,003097567"
"1,667","5,27E-05","-0,000556168","-0,003053734"
"1,668","5,27E-05","-0,000540609","-0,0030099"
"1,669","5,27E-05","-0,000515625","-0,002966067"
"1,67","5,27E-05","-0,000500065","-0,002922233"
"1,671","5,27E-05","-0,000475082","-0,0028784"
"1,672","5,27E-05","-0,000459522","-0,002834566"
"1,673","5,27E-05","-0,000443963","-0,002790733"
"1,674","5,27E-05","-0,000423534","-0,002742029"
"1,675","5,27E-05","-0,000407974","-0,002698196"
"1,676","5,27E-05","-0,000382675","-0,002644621"
"1,677","5,27E-05","-0,00037167","-0,002595917"
"1,678","5,27E-05","-0,00035124","-0,002547213"
"1,679","5,27E-05","-0,000340235","-0,00249851"
"1,68","5,27E-05","-0,000329231","-0,002449806"
"1,681","5,27E-05","-0,000313355","-0,002396231"
"1,682","5,27E-05","-0,000302351","-0,002347527"
"1,683","5,27E-05","-0,000281605","-0,002289083"
"1,684","5,27E-05","-0,000275155","-0,002235509"
"1,685","5,27E-05","-0,000254409","-0,002177064"
"1,686","5,27E-05","-0,000247959","-0,00212349"
"1,687","5,27E-05","-0,000232084","-0,002069915"
"1,688","5,27E-05","-0,000225633","-0,002016341"
"1,689","5,27E-05","-0,000214312","-0,001957896"
"1,69","5,27E-05","-0,000207862","-0,001904322"
"1,691","5,27E-05","-0,000196541","-0,001845877"
"1,692","5,27E-05","-0,000185221","-0,001787433"
"1,693","5,27E-05","-0,000183325","-0,001728988"
"1,694","5,27E-05","-0,000172004","-0,001670543"
"1,695","5,27E-05","-0,000170108","-0,001612099"
"1,696","5,27E-05","-0,000158787","-0,001553654"
"1,697","5,27E-05","-0,000156891","-0,001495209"
"1,698","5,27E-05","-0,0001407","-0,001431894"
"1,699","5,27E-05","-0,000138804","-0,00137345"
"1,7","5,27E-05","-0,000141778","-0,001319875"
"1,701","5,27E-05","-0,000139882","-0,001261431"
"1,702","5,27E-05","-0,000142857","-0,001207856"
"1,703","5,27E-05","-0,000140961","-0,001149412"
"1,704","5,27E-05","-0,000139065","-0,001090967"
"1,705","5,27E-05","-0,000137169","-0,001032522"
"1,706","5,27E-05","-0,000135273","-0,000974078"
"1,707","5,27E-05","-0,000133377","-0,000915633"
"1,708","5,27E-05","-0,000131481","-0,000857188"
"1,709","5,27E-05","-0,00014388","-0,000803614"
"1,71","5,27E-05","-0,000141984","-0,00074517"
"1,711","5,27E-05","-0,000144958","-0,000691595"
"1,712","5,27E-05","-0,000147933","-0,000638021"
"1,713","5,27E-05","-0,000150907","-0,000584447"
"1,714","5,27E-05","-0,000149011","-0,000526002"
"1,715","5,27E-05","-0,000147115","-0,000467557"
"1,716","5,27E-05","-0,000145219","-0,000409113"
"1,717","5,27E-05","-0,000148193","-0,000355538"
"1,718","5,27E-05","-0,000146297","-0,000297094"
"1,719","5,27E-05","-0,000149272","-0,000243519"
"1,72","5,27E-05","-0,000147376","-0,000185075"
"1,721","5,27E-05","-0,00015035","-0,000131501"
"1,722","5,27E-05","-0,000153324","-7,79E-05"
"1,723","5,27E-05","-0,000142004","-1,95E-05"
"1,724","5,27E-05","-0,000140108","3,90E-05"
"1,725","5,27E-05","-0,000128787","9,74E-05"
"1,726","5,27E-05","-0,000117466","0,000155852"
"1,727","5,27E-05","-0,000120441","0,000209427"
"1,728","5,27E-05","-0,00011399","0,000263001"
"1,729","5,27E-05","-0,00010754","0,000316575"
"1,73","5,27E-05","-9,62E-05","0,00037502"
"1,731","5,27E-05","-9,92E-05","0,000428594"
"1,732","5,27E-05","-9,27E-05","0,000482169"
"1,733","5,27E-05","-7,69E-05","0,000535743"
"1,734","5,27E-05","-6,55E-05","0,000594187"
"1,735","5,27E-05","-5,91E-05","0,000647762"
"1,736","5,27E-05","-4,32E-05","0,000701336"
"1,737","5,27E-05","-2,73E-05","0,00075491"
"1,738","5,27E-05","-1,15E-05","0,000808485"
"1,739","5,27E-05","-9,89E-06","0,000857188"
"1,74","5,27E-05","1,11E-06","0,000905892"
"1,741","5,27E-05","2,15E-05","0,000954596"
"1,742","5,27E-05","3,74E-05","0,001008171"
"1,743","5,27E-05","4,84E-05","0,001056874"
"1,744","5,27E-05","6,89E-05","0,001105578"
"1,745","5,27E-05","7,99E-05","0,001154282"
"1,746","5,27E-05","0,000100287","0,001202986"
"1,747","5,27E-05","0,000115846","0,00124682"
"1,748","5,27E-05","0,000131405","0,001290653"
"1,749","5,27E-05","0,000156389","0,001334487"
"1,75","5,27E-05","0,000171949","0,00137832"
"1,751","5,27E-05","0,000187508","0,001422154"
"1,752","5,27E-05","0,000212492","0,001465987"
"1,753","5,27E-05","0,00022318","0,00150495"
"1,754","5,27E-05","0,000248164","0,001548784"
"1,755","5,27E-05","0,000268278","0,001587747"
"1,756","5,27E-05","0,000288391","0,00162671"
"1,757","5,27E-05","0,00031793","0,001665673"
"1,758","5,27E-05","0,000338043","0,001704636"
"1,759","5,27E-05","0,000353287","0,001738729"
"1,76","5,27E-05","0,000377954","0,001772822"
"1,761","5,27E-05","0,000402622","0,001806914"
"1,762","5,27E-05","0,000422736","0,001845877"
"1,763","5,27E-05","0,000447404","0,00187997"
"1,764","5,27E-05","0,000472072","0,001914063"
"1,765","5,27E-05","0,000506165","0,001948156"
"1,766","5,27E-05","0,000525962","0,001977378"
"1,767","5,27E-05","0,00054576","0,0020066"
"1,768","5,27E-05","0,000574982","0,002035823"
"1,769","5,27E-05","0,00059965","0,002069915"
"1,77","5,27E-05","0,000628872","0,002099138"
"1,771","5,27E-05","0,00065354","0,00213323"
"1,772","5,27E-05","0,000687633","0,002167323"
"1,773","5,27E-05","0,000716855","0,002196545"
"1,774","5,27E-05","0,000741207","0,002220897"
"1,775","5,27E-05","0,00077043","0,00225012"
"1,776","5,27E-05","0,000794782","0,002274472"
"1,777","5,27E-05","0,000819133","0,002298824"
"1,778","5,27E-05","0,000838615","0,002318305"
"1,779","5,27E-05","0,000862967","0,002342657"
"1,78","5,27E-05","0,000887319","0,002367009"
"1,781","5,27E-05","0,000911671","0,002391361"
"1,782","5,27E-05","0,000936023","0,002415713"
"1,783","5,27E-05","0,000960375","0,002440065"
"1,784","5,27E-05","0,000979856","0,002459546"
"1,785","5,27E-05","0,000999338","0,002479028"
"1,786","5,27E-05","0,001018819","0,00249851"
"1,787","5,27E-05","0,001033431","0,002513121"
"1,788","5,27E-05","0,001048042","0,002527732"
"1,789","5,27E-05","0,001062653","0,002542343"
"1,79","5,27E-05","0,001077264","0,002556954"
"1,791","5,27E-05","0,001096746","0,002576436"
"1,792","5,27E-05","0,001111357","0,002591047"
"1,793","5,27E-05","0,001116543","0,002605658"
"1,794","5,27E-05","0,001131154","0,002620269"
"1,795","5,27E-05","0,001140895","0,00263001"
"1,796","5,27E-05","0,001145766","0,00263488"
"1,797","5,27E-05","0,001155506","0,002644621"
"1,798","5,27E-05","0,001160377","0,002649492"
"1,799","5,27E-05","0,001165247","0,002654362"
"1,8","5,27E-05","0,001174988","0,002664103"
"1,801","5,27E-05","0,001179858","0,002668973"
"1,802","5,27E-05","0,001184729","0,002673844"
"1,803","5,27E-05","0,001180174","0,002678714"
"1,804","5,27E-05","0,001185045","0,002683584"
"1,805","5,27E-05","0,001185045","0,002683584"
"1,806","5,27E-05","0,001185045","0,002683584"
"1,807","5,27E-05","0,001185045","0,002683584"
"1,808","5,27E-05","0,001185045","0,002683584"
"1,809","5,27E-05","0,001185045","0,002683584"
"1,81","5,27E-05","0,001185045","0,002683584"
"1,811","5,27E-05","0,001185045","0,002683584"
"1,812","5,27E-05","0,001185045","0,002683584"
"1,813","5,27E-05","0,001180174","0,002678714"
"1,814","5,27E-05","0,001180174","0,002678714"
"1,815","5,27E-05","0,001175304","0,002673844"
"1,816","5,27E-05","0,001170433","0,002668973"
"1,817","5,27E-05","0,001165563","0,002664103"
"1,818","5,27E-05","0,001160693","0,002659232"
"1,819","5,27E-05","0,001155822","0,002654362"
"1,82","5,27E-05","0,001150952","0,002649492"
"1,821","5,27E-05","0,001146082","0,002644621"
"1,822","5,27E-05","0,001141211","0,002639751"
"1,823","5,27E-05","0,00113147","0,00263001"
"1,824","5,27E-05","0,0011266","0,00262514"
"1,825","5,27E-05","0,001116859","0,002615399"
"1,826","5,27E-05","0,001107118","0,002605658"
"1,827","5,27E-05","0,001092507","0,002591047"
"1,828","5,27E-05","0,001082766","0,002581306"
"1,829","5,27E-05","0,001073026","0,002571565"
"1,83","5,27E-05","0,001058415","0,002556954"
"1,831","5,27E-05","0,001048674","0,002547213"
"1,832","5,27E-05","0,001034063","0,002532602"
"1,833","5,27E-05","0,001019451","0,002517991"
"1,834","5,27E-05","0,00100484","0,00250338"
"1,835","5,27E-05","0,000990229","0,002488769"
"1,836","5,27E-05","0,000975618","0,002474158"
"1,837","5,27E-05","0,000961007","0,002459546"
"1,838","5,27E-05","0,000941525","0,002440065"
"1,839","5,27E-05","0,000926914","0,002425454"
"1,84","5,27E-05","0,000907432","0,002405972"
"1,841","5,27E-05","0,000887951","0,002386491"
"1,842","5,27E-05","0,000868469","0,002367009"
"1,843","5,27E-05","0,000848988","0,002347527"
"1,844","5,27E-05","0,000838931","0,002328046"
"1,845","5,27E-05","0,000819449","0,002308564"
"1,846","5,27E-05","0,000799968","0,002289083"
"1,847","5,27E-05","0,000775616","0,002264731"
"1,848","5,27E-05","0,000765559","0,002245249"
"1,849","5,27E-05","0,000746078","0,002225768"
"1,85","5,27E-05","0,000721726","0,002201416"
"1,851","5,27E-05","0,000702244","0,002181934"
"1,852","5,27E-05","0,000687317","0,002157582"
"1,853","5,27E-05","0,000667835","0,002138101"
"1,854","5,27E-05","0,000652908","0,002113749"
"1,855","5,27E-05","0,000628556","0,002089397"
"1,856","5,27E-05","0,000613629","0,002065045"
"1,857","5,27E-05","0,000589277","0,002040693"
"1,858","5,27E-05","0,00057435","0,002016341"
"1,859","5,27E-05","0,000549998","0,001991989"
"1,86","5,27E-05","0,000535071","0,001967637"
"1,861","5,27E-05","0,000520144","0,001943285"
"1,862","5,27E-05","0,000505217","0,001918933"
"1,863","5,27E-05","0,000490289","0,001894581"
"1,864","5,27E-05","0,000475362","0,001870229"
"1,865","5,27E-05","0,000455565","0,001841007"
"1,866","5,27E-05","0,000440638","0,001816655"
"1,867","5,27E-05","0,00042084","0,001787433"
"1,868","5,27E-05","0,000405913","0,001763081"
"1,869","5,27E-05","0,000390986","0,001738729"
"1,87","5,27E-05","0,000380613","0,001709507"
"1,871","5,27E-05","0,000365686","0,001685155"
"1,872","5,27E-05","0,000360183","0,001660803"
"1,873","5,27E-05","0,000340386","0,00163158"
"1,874","5,27E-05","0,000334883","0,001607228"
"1,875","5,27E-05","0,000324511","0,001578006"
"1,876","5,27E-05","0,000309583","0,001553654"
"1,877","5,27E-05","0,000299211","0,001524432"
"1,878","5,27E-05","0,000288838","0,001495209"
"1,879","5,27E-05","0,000278465","0,001465987"
"1,88","5,27E-05","0,000277517","0,001436765"
"1,881","5,27E-05","0,000262274","0,001402672"
"1,882","5,27E-05","0,000251901","0,00137345"
"1,883","5,27E-05","0,000241528","0,001344227"
"1,884","5,27E-05","0,00024058","0,001315005"
"1,885","5,27E-05","0,000230208","0,001285783"
"1,886","5,27E-05","0,000214964","0,00125169"
"1,887","5,27E-05","0,000214016","0,001222468"
"1,888","5,27E-05","0,000198773","0,001188375"
"1,889","5,27E-05","0,000197825","0,001159153"
"1,89","5,27E-05","0,000192007","0,00112506"
"1,891","5,27E-05","0,000176764","0,001090967"
"1,892","5,27E-05","0,000175816","0,001061745"
"1,893","5,27E-05","0,000169997","0,001027652"
"1,894","5,27E-05","0,000159625","0,00099843"
"1,895","5,27E-05","0,000158677","0,000969207"
"1,896","5,27E-05","0,000152858","0,000935115"
"1,897","5,27E-05","0,00015191","0,000905892"
"1,898","5,27E-05","0,000146092","0,0008718"
"1,899","5,27E-05","0,000145144","0,000842577"
"1,9","5,27E-05","0,000139325","0,000808485"
"1,901","5,27E-05","0,000138377","0,000779262"
"1,902","5,27E-05","0,000132559","0,00074517"
"1,903","5,27E-05","0,000131611","0,000715947"
"1,904","5,27E-05","0,000125793","0,000681854"
"1,905","5,27E-05","0,000124845","0,000652632"
"1,906","5,27E-05","0,000128451","0,000618539"
"1,907","5,27E-05","0,000127503","0,000589317"
"1,908","5,27E-05","0,000131425","0,000564965"
"1,909","5,27E-05","0,000130477","0,000535743"
"1,91","5,27E-05","0,000129529","0,00050652"
"1,911","5,27E-05","0,000138006","0,000477298"
"1,912","5,27E-05","0,000137058","0,000448076"
"1,913","5,27E-05","0,00013611","0,000418853"
"1,914","5,27E-05","0,000135162","0,000389631"
"1,915","5,27E-05","0,000134214","0,000360409"
"1,916","5,27E-05","0,000147561","0,000336057"
"1,917","5,27E-05","0,000146613","0,000306835"
"1,918","5,27E-05","0,000150536","0,000282483"
"1,919","5,27E-05","0,000149588","0,00025326"
"1,92","5,27E-05","0,00014864","0,000224038"
"1,921","5,27E-05","0,000147692","0,000194816"
"1,922","5,27E-05","0,000146744","0,000165593"
"1,923","5,27E-05","0,000150666","0,000141241"
"1,924","5,27E-05","0,000149718","0,000112019"
"1,925","5,27E-05","0,000144216","8,77E-05"
"1,926","5,27E-05","0,000148138","6,33E-05"
"1,927","5,27E-05","0,00014719","3,41E-05"
"1,928","5,27E-05","0,000151112","9,74E-06"
"1,929","5,27E-05","0,00014074","-1,95E-05"
"1,93","5,27E-05","0,000139792","-4,87E-05"
"1,931","5,27E-05","0,000143714","-7,31E-05"
"1,932","5,27E-05","0,000138212","-9,74E-05"
"1,933","5,27E-05","0,000142134","-0,00012176"
"1,934","5,27E-05","0,000136632","-0,000146112"
"1,935","5,27E-05","0,000140554","-0,000170464"
"1,936","5,27E-05","0,000135052","-0,000194816"
"1,937","5,27E-05","0,000129549","-0,000219168"
"1,938","5,27E-05","0,000133472","-0,000243519"
"1,939","5,27E-05","0,000127969","-0,000267871"
"1,94","5,27E-05","0,000122467","-0,000292223"
"1,941","5,27E-05","0,000116965","-0,000316575"
"1,942","5,27E-05","0,000111462","-0,000340927"
"1,943","5,27E-05","0,00011083","-0,000360409"
"1,944","5,27E-05","0,000110198","-0,00037989"
"1,945","5,27E-05","0,000100141","-0,000399372"
"1,946","5,27E-05","9,95E-05","-0,000418853"
"1,947","5,27E-05","8,95E-05","-0,000438335"
"1,948","5,27E-05","8,88E-05","-0,000457817"
"1,949","5,27E-05","7,88E-05","-0,000477298"
"1,95","5,27E-05","7,81E-05","-0,00049678"
"1,951","5,27E-05","7,29E-05","-0,000511391"
"1,952","5,27E-05","6,78E-05","-0,000526002"
"1,953","5,27E-05","6,26E-05","-0,000540613"
"1,954","5,27E-05","6,23E-05","-0,000550354"
"1,955","5,27E-05","5,71E-05","-0,000564965"
"1,956","5,27E-05","5,19E-05","-0,000579576"
"1,957","5,27E-05","3,73E-05","-0,000594187"
"1,958","5,27E-05","3,21E-05","-0,000608799"
"1,959","5,27E-05","2,23E-05","-0,000618539"
"1,96","5,27E-05","1,72E-05","-0,000633151"
"1,961","5,27E-05","7,42E-06","-0,000642891"
"1,962","5,27E-05","7,10E-06","-0,000652632"
"1,963","5,27E-05","-2,64E-06","-0,000662373"
"1,964","5,27E-05","-1,24E-05","-0,000672114"
"1,965","5,27E-05","-1,72E-05","-0,000676984"
"1,966","5,27E-05","-2,70E-05","-0,000686725"
"1,967","5,27E-05","-3,67E-05","-0,000696466"
"1,968","5,27E-05","-4,16E-05","-0,000701336"
"1,969","5,27E-05","-6,08E-05","-0,000711077"
"1,97","5,27E-05","-7,05E-05","-0,000720818"
"1,971","5,27E-05","-7,54E-05","-0,000725688"
"1,972","5,27E-05","-8,51E-05","-0,000735429"
"1,973","5,27E-05","-9,00E-05","-0,000740299"
"1,974","5,27E-05","-9,49E-05","-0,00074517"
"1,975","5,27E-05","-9,97E-05","-0,00075004"
"1,976","5,27E-05","-0,000104601","-0,00075491"
"1,977","5,27E-05","-0,000114341","-0,000764651"
"1,978","5,27E-05","-0,000119212","-0,000769521"
"1,979","5,27E-05","-0,000124082","-0,000774392"
"1,98","5,27E-05","-0,000128953","-0,000779262"
"1,981","5,27E-05","-0,000133823","-0,000784133"
"1,982","5,27E-05","-0,000138693","-0,000789003"
"1,983","5,27E-05","-0,000143564","-0,000793873"
"1,984","5,27E-05","-0,000143564","-0,000793873"
"1,985","5,27E-05","-0,000148434","-0,000798744"
"1,986","5,27E-05","-0,000148434","-0,000798744"
"1,987","5,27E-05","-0,000153305","-0,000803614"
"1,988","5,27E-05","-0,000153305","-0,000803614"
"1,989","5,27E-05","-0,000153305","-0,000803614"
"1,99","5,27E-05","-0,000153305","-0,000803614"
"1,991","5,27E-05","-0,000153305","-0,000803614"
"1,992","5,27E-05","-0,000153305","-0,000803614"
"1,993","5,27E-05","-0,000153305","-0,000803614"
"1,994","5,27E-05","-0,000148434","-0,000798744"
"1,995","5,27E-05","-0,000148434","-0,000798744"
"1,996","5,27E-05","-0,000148434","-0,000798744"
"1,997","5,27E-05","-0,000143564","-0,000793873"
"1,998","5,27E-05","-0,000143564","-0,000793873"
"1,999","5,27E-05","-0,000143564","-0,000793873"
2,"5,27E-05","-0,000143564","-0,000793873"
"2,001","5,27E-05","-0,000138693","-0,000789003"
"2,002","5,27E-05","-0,000138693","-0,000789003"
"2,003","5,27E-05","-0,000133823","-0,000784133"
"2,004","5,27E-05","-0,000133823","-0,000784133"
"2,005","5,27E-05","-0,000128953","-0,000779262"
"2,006","5,27E-05","-0,000128953","-0,000779262"
"2,007","5,27E-05","-0,000124082","-0,000774392"
"2,008","5,27E-05","-0,000124082","-0,000774392"
"2,009","5,27E-05","-0,000119212","-0,000769521"
"2,01","5,27E-05","-0,000119212","-0,000769521"
"2,011","5,27E-05","-0,000123766","-0,000764651"
"2,012","5,27E-05","-0,000118896","-0,000759781"
"2,013","5,27E-05","-0,000118896","-0,000759781"
"2,014","5,27E-05","-0,000114025","-0,00075491"
"2,015","5,27E-05","-0,000109155","-0,00075004"
"2,016","5,27E-05","-0,000109155","-0,00075004"
"2,017","5,27E-05","-0,000104285","-0,00074517"
"2,018","5,27E-05","-0,000104285","-0,00074517"
"2,019","5,27E-05","-9,94E-05","-0,000740299"
"2,02","5,27E-05","-0,000103969","-0,000735429"
"2,021","5,27E-05","-0,000103969","-0,000735429"
"2,022","5,27E-05","-9,91E-05","-0,000730558"
"2,023","5,27E-05","-9,42E-05","-0,000725688"
"2,024","5,27E-05","-0,000103653","-0,000725688"
"2,025","5,27E-05","-9,88E-05","-0,000720818"
"2,026","5,27E-05","-9,39E-05","-0,000715947"
"2,027","5,27E-05","-0,000103337","-0,000715947"
"2,028","5,27E-05","-9,85E-05","-0,000711077"
"2,029","5,27E-05","-0,000103021","-0,000706206"
"2,03","5,27E-05","-9,82E-05","-0,000701336"
"2,031","5,27E-05","-9,82E-05","-0,000701336"
"2,032","5,27E-05","-0,000102705","-0,000696466"
"2,033","5,27E-05","-9,78E-05","-0,000691595"
"2,034","5,27E-05","-0,000102389","-0,000686725"
"2,035","5,27E-05","-9,75E-05","-0,000681854"
"2,036","5,27E-05","-0,000102073","-0,000676984"
"2,037","5,27E-05","-0,000102073","-0,000676984"
"2,038","5,27E-05","-9,72E-05","-0,000672114"
"2,039","5,27E-05","-0,000101757","-0,000667243"
"2,04","5,27E-05","-9,69E-05","-0,000662373"
"2,041","5,27E-05","-0,000101441","-0,000657503"
"2,042","5,27E-05","-0,000101441","-0,000657503"
"2,043","5,27E-05","-0,000105995","-0,000652632"
"2,044","5,27E-05","-0,000101125","-0,000647762"
"2,045","5,27E-05","-9,63E-05","-0,000642891"
"2,046","5,27E-05","-0,000100809","-0,000638021"
"2,047","5,27E-05","-9,59E-05","-0,000633151"
"2,048","5,27E-05","-0,000100493","-0,00062828"
"2,049","5,27E-05","-9,56E-05","-0,00062341"
"2,05","5,27E-05","-0,000100177","-0,000618539"
"2,051","5,27E-05","-9,53E-05","-0,000613669"
"2,052","5,27E-05","-9,99E-05","-0,000608799"
"2,053","5,27E-05","-9,50E-05","-0,000603928"
"2,054","5,27E-05","-9,95E-05","-0,000599058"
"2,055","5,27E-05","-9,47E-05","-0,000594187"
"2,056","5,27E-05","-9,92E-05","-0,000589317"
"2,057","5,27E-05","-9,44E-05","-0,000584447"
"2,058","5,27E-05","-8,95E-05","-0,000579576"
"2,059","5,27E-05","-9,40E-05","-0,000574706"
"2,06","5,27E-05","-8,92E-05","-0,000569836"
"2,061","5,27E-05","-9,37E-05","-0,000564965"
"2,062","5,27E-05","-8,89E-05","-0,000560095"
"2,063","5,27E-05","-9,83E-05","-0,000560095"
"2,064","5,27E-05","-9,34E-05","-0,000555224"
"2,065","5,27E-05","-9,80E-05","-0,000550354"
"2,066","5,27E-05","-9,31E-05","-0,000545484"
"2,067","5,27E-05","-9,76E-05","-0,000540613"
"2,068","5,27E-05","-9,28E-05","-0,000535743"
"2,069","5,27E-05","-8,79E-05","-0,000530872"
"2,07","5,27E-05","-9,73E-05","-0,000530872"
"2,071","5,27E-05","-9,25E-05","-0,000526002"
"2,072","5,27E-05","-9,70E-05","-0,000521132"
"2,073","5,27E-05","-9,21E-05","-0,000516261"
"2,074","5,27E-05","-8,73E-05","-0,000511391"
"2,075","5,27E-05","-9,67E-05","-0,000511391"
"2,076","5,27E-05","-9,18E-05","-0,00050652"
"2,077","5,27E-05","-8,70E-05","-0,00050165"
"2,078","5,27E-05","-9,15E-05","-0,00049678"
"2,079","5,27E-05","-9,15E-05","-0,00049678"
"2,08","5,27E-05","-9,61E-05","-0,000491909"
"2,081","5,27E-05","-9,12E-05","-0,000487039"
"2,082","5,27E-05","-9,12E-05","-0,000487039"
"2,083","5,27E-05","-8,63E-05","-0,000482169"
"2,084","5,27E-05","-9,09E-05","-0,000477298"
"2,085","5,27E-05","-9,09E-05","-0,000477298"
"2,086","5,27E-05","-8,60E-05","-0,000472428"
"2,087","5,27E-05","-9,06E-05","-0,000467557"
"2,088","5,27E-05","-9,06E-05","-0,000467557"
"2,089","5,27E-05","-8,57E-05","-0,000462687"
"2,09","5,27E-05","-8,57E-05","-0,000462687"
"2,091","5,27E-05","-9,03E-05","-0,000457817"
"2,092","5,27E-05","-9,03E-05","-0,000457817"
"2,093","5,27E-05","-8,54E-05","-0,000452946"
"2,094","5,27E-05","-8,54E-05","-0,000452946"
"2,095","5,27E-05","-8,99E-05","-0,000448076"
"2,096","5,27E-05","-8,99E-05","-0,000448076"
"2,097","5,27E-05","-8,51E-05","-0,000443205"
"2,098","5,27E-05","-8,51E-05","-0,000443205"
"2,099","5,27E-05","-8,96E-05","-0,000438335"
"2,1","5,27E-05","-8,96E-05","-0,000438335"
"2,101","5,27E-05","-8,96E-05","-0,000438335"
"2,102","5,27E-05","-8,47E-05","-0,000433465"
"2,103","5,27E-05","-9,42E-05","-0,000433465"
"2,104","5,49E-05","-8,93E-05","-0,000428594"
"2,105","5,71E-05","-8,93E-05","-0,000428594"
"2,106","6,59E-05","-8,93E-05","-0,000428594"
"2,107","8,13E-05","-8,44E-05","-0,000423724"
"2,108","0,000107666","-8,44E-05","-0,000423724"
"2,109","0,000147217","-8,90E-05","-0,000418853"
"2,11","0,000202148","-8,41E-05","-0,000413983"
"2,111","0,000279053","-7,92E-05","-0,000409113"
"2,112","0,000375732","-7,44E-05","-0,000404242"
"2,113","0,000494385","-6,95E-05","-0,000399372"
"2,114","0,00063501","-5,98E-05","-0,000389631"
"2,115","0,000793213","-5,49E-05","-0,000384761"
"2,116","0,000962402","-4,03E-05","-0,00037015"
"2,117","0,001135986","-2,57E-05","-0,000355538"
"2,118","0,001305176","-6,19E-06","-0,000336057"
"2,119","0,001480957","1,33E-05","-0,000316575"
"2,12","0,001667725","2,79E-05","-0,000301964"
"2,121","0,001863281","5,19E-05","-0,000287353"
"2,122","0,002069824","6,66E-05","-0,000272742"
"2,123","0,002282959","8,57E-05","-0,000263001"
"2,124","0,002498291","0,000100011","-0,000258131"
"2,125","0,002718018","0,000123731","-0,00025326"
"2,126","0,002935547","0,000133156","-0,00025326"
"2,127","0,003153076","0,000161746","-0,000243519"
"2,128","0,003364014","0,000204632","-0,000228908"
"2,129","0,003572754","0,000252071","-0,000219168"
"2,13","0,0037771","0,000280346","-0,000219168"
"2,131","0,003979248","0,00030375","-0,000224038"
"2,132","0,004177002","0,000341133","-0,000233779"
"2,133","0,004374756","0,000378516","-0,000243519"
"2,134","0,00457251","0,000420769","-0,00024839"
"2,135","0,004768066","0,000477318","-0,00024839"
"2,136","0,004963623","0,000538737","-0,000243519"
"2,137","0,00515918","0,000604711","-0,000243519"
"2,138","0,005354736","0,000675238","-0,00024839"
"2,139","0,00555249","0,000740896","-0,000258131"
"2,14","0,005750244","0,000811424","-0,000263001"
"2,141","0,005947998","0,000901117","-0,000258131"
"2,142","0,006145752","0,000995681","-0,00024839"
"2,143","0,006345703","0,001104224","-0,000243519"
"2,144","0,006545654","0,001212767","-0,000238649"
"2,145","0,006747803","0,001340475","-0,000224038"
"2,146","0,006947754","0,001477925","-0,000199686"
"2,147","0,007145508","0,001624799","-0,000175334"
"2,148","0,007343262","0,001781097","-0,000150982"
"2,149","0,007538818","0,001942267","-0,00012176"
"2,15","0,007732178","0,002103436","-9,25E-05"
"2,151","0,007927734","0,00227403","-6,33E-05"
"2,152","0,008121094","0,002463789","-2,44E-05"
"2,153","0,00831665","0,002658419","1,95E-05"
"2,154","0,008512207","0,002867345","6,82E-05"
"2,155","0,008709961","0,00308114","0,00012176"
"2,156","0,008905518","0,00330436","0,000175334"
"2,157","0,009103271","0,003527581","0,000228908"
"2,158","0,009301025","0,003750801","0,000282483"
"2,159","0,009496582","0,003983446","0,000336057"
"2,16","0,009694336","0,004225832","0,000399372"
"2,161","0,00989209","0,004477642","0,000462687"
"2,162","0,010089844","0,004729453","0,000526002"
"2,163","0,010287598","0,004986134","0,000594187"
"2,164","0,010485352","0,005247369","0,000657503"
"2,165","0,010683105","0,005518346","0,000730558"
"2,166","0,010878662","0,005775027","0,000798744"
"2,167","0,011076416","0,006046003","0,0008718"
"2,168","0,011271973","0,006312109","0,000939985"
"2,169","0,011469727","0,006578214","0,001008171"
"2,17","0,01166748","0,00684432","0,001076356"
"2,171","0,011863037","0,007110426","0,001144541"
"2,172","0,012058594","0,007376532","0,001212727"
"2,173","0,012256348","0,007647508","0,001285783"
"2,174","0,012454102","0,007913614","0,001353968"
"2,175","0,012654053","0,00818459","0,001427024"
"2,176","0,012854004","0,008446141","0,00150008"
"2,177","0,013056152","0,008707693","0,001573136"
"2,178","0,013258301","0,008978669","0,001646191"
"2,179","0,013462646","0,009245091","0,001724118"
"2,18","0,013664795","0,009502088","0,001802044"
"2,181","0,013866943","0,009759085","0,00187997"
"2,182","0,014069092","0,010020952","0,001962767"
"2,183","0,01427124","0,010282819","0,002045563"
"2,184","0,014473389","0,010540132","0,00213323"
"2,185","0,014675537","0,010792891","0,002225768"
"2,186","0,014877686","0,01105052","0,002323176"
"2,187","0,015077637","0,011298724","0,002420583"
"2,188","0,015279785","0,011551799","0,002522862"
"2,189","0,015481934","0,011790578","0,002620269"
"2,19","0,015684082","0,012039098","0,002727418"
"2,191","0,015884033","0,012283064","0,002839437"
"2,192","0,016083984","0,012532217","0,002966067"
"2,193","0,016281738","0,012781369","0,003092697"
"2,194","0,016479492","0,013016542","0,003224198"
"2,195","0,016677246","0,01326114","0,003355698"
"2,196","0,016875","0,013501183","0,003492069"
"2,197","0,017074951","0,013727247","0,00363331"
"2,198","0,017272705","0,013963052","0,003784292"
"2,199","0,017470459","0,014194303","0,003940145"
"2,2","0,017668213","0,014420999","0,004100868"
"2,201","0,017865967","0,014648012","0,004271331"
"2,202","0,018063721","0,014865599","0,004441795"
"2,203","0,018259277","0,015088057","0,004617129"
"2,204","0,018454834","0,015291665","0,004792463"
"2,205","0,018645996","0,015505015","0,004977538"
"2,206","0,018830566","0,015708939","0,005162612"
"2,207","0,019008545","0,015912863","0,005347687"
"2,208","0,019177734","0,016102808","0,005537632"
"2,209","0,01933374","0,016283329","0,005727577"
"2,21","0,019474365","0,016454424","0,005917523"
"2,211","0,019599609","0,01663039","0,006112338"
"2,212","0,019702881","0,016796932","0,006307154"
"2,213","0,019786377","0,016958918","0,00650684"
"2,214","0,019850098","0,01710174","0,006696785"
"2,215","0,019894043","0,017240007","0,0068916"
"2,216","0,019922607","0,017373403","0,007081546"
"2,217","0,019940186","0,01749282","0,007276361"
"2,218","0,019946777","0,017612238","0,007471177"
"2,219","0,019948975","0,017712806","0,007665992"
"2,22","0,019946777","0,017818244","0,007865678"
"2,221","0,01994458","0,017914257","0,008065364"
"2,222","0,019942383","0,018005716","0,008269921"
"2,223","0,019942383","0,01808775","0,008474477"
"2,224","0,01994458","0,01816036","0,008679033"
"2,225","0,01994458","0,01821899","0,00888846"
"2,226","0,01994458","0,01827275","0,009093016"
"2,227","0,019940186","0,018326826","0,009307313"
"2,228","0,019937988","0,018381218","0,009531351"
"2,229","0,019937988","0,018435926","0,00976513"
"2,23","0,019935791","0,018481209","0,009998909"
"2,231","0,019937988","0,018521938","0,010237558"
"2,232","0,019940186","0,018553241","0,010476207"
"2,233","0,019940186","0,018575121","0,010714856"
"2,234","0,019940186","0,018587575","0,010953505"
"2,235","0,019940186","0,0186049","0,011197024"
"2,236","0,019940186","0,018613116","0,011450285"
"2,237","0,019940186","0,018626202","0,011708415"
"2,238","0,019940186","0,018634734","0,011971416"
"2,239","0,019940186","0,018638712","0,012239288"
"2,24","0,019940186","0,018628394","0,012502289"
"2,241","0,019940186","0,018613206","0,012760419"
"2,242","0,019940186","0,018593464","0,01302342"
"2,243","0,019940186","0,018573722","0,013286421"
"2,244","0,019940186","0,018549425","0,013554293"
"2,245","0,019940186","0,018529999","0,013827034"
"2,246","0,019940186","0,018510572","0,014099776"
"2,247","0,019940186","0,018476851","0,014367648"
"2,248","0,019940186","0,018438259","0,014630649"
"2,249","0,019940186","0,018395113","0,01489852"
"2,25","0,019940186","0,018361391","0,015166391"
"2,251","0,019940186","0,018318245","0,015434263"
"2,252","0,019940186","0,018279969","0,015707005"
"2,253","0,019940186","0,018241693","0,015979746"
"2,254","0,019940186","0,018198547","0,016247618"
"2,255","0,019940186","0,0181554","0,016515489"
"2,256","0,019940186","0,018102513","0,01677362"
"2,257","0,019940186","0,018049626","0,01703175"
"2,258","0,019940186","0,017996739","0,017289881"
"2,259","0,019940186","0,017943852","0,017548012"
"2,26","0,019940186","0,017886095","0,017801272"
"2,261","0,019940186","0,017837762","0,018054532"
"2,262","0,019940186","0,017775134","0,018302922"
"2,263","0,019940186","0,017717061","0,018546441"
"2,264","0,019940186","0,017658987","0,018789961"
"2,265","0,019940186","0,017615209","0,019038351"
"2,266","0,019940186","0,017571431","0,01928674"
"2,267","0,019940186","0,017537077","0,01953513"
"2,268","0,019940186","0,017507594","0,019788391"
"2,269","0,019940186","0,017473241","0,02003678"
"2,27","0,019940186","0,017452866","0,0202803"
"2,271","0,019940186","0,017427622","0,020518949"
"2,272","0,019940186","0,017402377","0,020757598"
"2,273","0,019940186","0,017391427","0,021001117"
"2,274","0,019940186","0,017380478","0,021244637"
"2,275","0,019940186","0,017383823","0,021493027"
"2,276","0,019940186","0,017396594","0,021741417"
"2,277","0,019940186","0,017409364","0,021989806"
"2,278","0,019940186","0,017426689","0,022233326"
"2,279","0,019940186","0,017448568","0,022471975"
"2,28","0,019940186","0,017470447","0,022710624"
"2,281","0,019940186","0,017496881","0,022944403"
"2,282","0,019940186","0,017532739","0,023178181"
"2,283","0,019940186","0,017582893","0,02341683"
"2,284","0,019940186","0,017637917","0,02366035"
"2,285","0,019940186","0,01771179","0,023903869"
"2,286","0,019940186","0,017780793","0,024142518"
"2,287","0,019940186","0,017859221","0,024381167"
"2,288","0,019940186","0,017932778","0,024614946"
"2,289","0,019940186","0,01801089","0,024843854"
"2,29","0,019940186","0,018098427","0,025072763"
"2,291","0,019940186","0,018190518","0,0252968"
"2,292","0,019940186","0,018292034","0,025520838"
"2,293","0,019940186","0,018388679","0,025740006"
"2,294","0,019940186","0,018494749","0,025959173"
"2,295","0,019940186","0,018600503","0,0261686"
"2,296","0,019940186","0,018701387","0,026373156"
"2,297","0,019940186","0,01881625","0,026572842"
"2,298","0,019940186","0,018931113","0,026772528"
"2,299","0,019940186","0,01905053","0,026967344"
"2,3","0,019940186","0,019179373","0,027162159"
"2,301","0,019940186","0,019308215","0,027356975"
"2,302","0,019940186","0,01943187","0,027537179"
"2,303","0,019940186","0,019550656","0,027712513"
"2,304","0,019940186","0,019678866","0,027887847"
"2,305","0,019940186","0,01981163","0,028058311"
"2,306","0,019940186","0,01995382","0,028228775"
"2,307","0,019940186","0,020086268","0,028389497"
"2,308","0,019940186","0,020218717","0,02855022"
"2,309","0,019940186","0,020365144","0,028706073"
"2,31","0,019940186","0,020506702","0,028857055"
"2,311","0,019940186","0,020643388","0,029003167"
"2,312","0,019940186","0,020780075","0,029149278"
"2,313","0,019940186","0,020930741","0,029290519"
"2,314","0,019940186","0,021062242","0,02942202"
"2,315","0,019942383","0,021198297","0,02954865"
"2,316","0,01994458","0,021348647","0,029680151"
"2,317","0,01994458","0,021484702","0,029806781"
"2,318","0,019946777","0,021635052","0,029938281"
"2,319","0,019946777","0,021785402","0,030069782"
"2,32","0,019948975","0,021935436","0,030191541"
"2,321","0,019948975","0,022076045","0,030313301"
"2,322","0,019948975","0,022216338","0,03042532"
"2,323","0,019948975","0,022356632","0,030537339"
"2,324","0,019948975","0,022492055","0,030644488"
"2,325","0,019948975","0,022632348","0,030756507"
"2,326","0,019951172","0,022772641","0,030868525"
"2,327","0,019951172","0,022917805","0,030985415"
"2,328","0,019951172","0,023058098","0,031097434"
"2,329","0,019953369","0,023202946","0,031204582"
"2,33","0,019953369","0,023338369","0,031311731"
"2,331","0,019953369","0,023464051","0,031409139"
"2,332","0,019953369","0,023579992","0,031496806"
"2,333","0,019955566","0,023691379","0,031589343"
"2,334","0,019955566","0,02380732","0,03167701"
"2,335","0,019955566","0,023913837","0,031764677"
"2,336","0,019955566","0,024020354","0,031852344"
"2,337","0,019955566","0,02412687","0,031940011"
"2,338","0,019955566","0,024228516","0,032022808"
"2,339","0,019957764","0,024325292","0,032100734"
"2,34","0,019957764","0,024398032","0,032164049"
"2,341","0,019957764","0,024456477","0,032222494"
"2,342","0,019957764","0,024524346","0,032280938"
"2,343","0,019957764","0,02457792","0,032334513"
"2,344","0,019957764","0,024631495","0,032388087"
"2,345","0,019957764","0,024685069","0,032441661"
"2,346","0,019957764","0,024729218","0,032495235"
"2,347","0,019957764","0,024777922","0,032543939"
"2,348","0,019957764","0,024793165","0,032578032"
"2,349","0,019957764","0,024808093","0,032602384"
"2,35","0,019957764","0,024803854","0,032616995"
"2,351","0,019957764","0,024804486","0,032636477"
"2,352","0,019957764","0,024790823","0,032651088"
"2,353","0,019957764","0,024786585","0,032665699"
"2,354","0,019957764","0,024772921","0,03268031"
"2,355","0,019957764","0,024749518","0,032685181"
"2,356","0,019957764","0,024721243","0,032685181"
"2,357","0,019957764","0,024678674","0,03268031"
"2,358","0,019957764","0,024626363","0,032665699"
"2,359","0,019957764","0,024574053","0,032651088"
"2,36","0,019957764","0,024521743","0,032636477"
"2,361","0,019957764","0,024469433","0,032621866"
"2,362","0,019957764","0,024412252","0,032602384"
"2,363","0,019957764","0,024345646","0,032582902"
"2,364","0,019957764","0,024274171","0,03255855"
"2,365","0,019957764","0,024197824","0,032529328"
"2,366","0,019957764","0,024111737","0,032490365"
"2,367","0,019957764","0,02402565","0,032451402"
"2,368","0,019957764","0,023939563","0,032412439"
"2,369","0,019957764","0,023848606","0,032368605"
"2,37","0,019957764","0,023757649","0,032324772"
"2,371","0,019957764","0,023666691","0,032280938"
"2,372","0,019957764","0,023570863","0,032232234"
"2,373","0,019957764","0,023470165","0,03217866"
"2,374","0,019957764","0,023364597","0,032120215"
"2,375","0,019957764","0,023263583","0,0320569"
"2,376","0,019957764","0,023148273","0,031988715"
"2,377","0,019957764","0,023047259","0,0319254"
"2,378","0,019957764","0,022946245","0,031862085"
"2,379","0,019957764","0,02284036","0,031793899"
"2,38","0,019957764","0,022729605","0,031720844"
"2,381","0,019957764","0,022618534","0,031638047"
"2,382","0,019957764","0,022507463","0,03155525"
"2,383","0,019957764","0,022391522","0,031467583"
"2,384","0,019957764","0,02227071","0,031375046"
"2,385","0,019957764","0,022164194","0,031287379"
"2,386","0,019957764","0,022062232","0,031194842"
"2,387","0,019957764","0,021945974","0,031097434"
"2,388","0,019957764","0,021834271","0,030995156"
"2,389","0,019957764","0,021727123","0,030888007"
"2,39","0,019957764","0,021610234","0,030771118"
"2,391","0,019957764","0,021488474","0,030649358"
"2,392","0,019957764","0,021376139","0,030527598"
"2,393","0,019957764","0,021268358","0,030400968"
"2,394","0,019957764","0,021151153","0,030274338"
"2,395","0,019957764","0,021047927","0,030142838"
"2,396","0,019957764","0,020944701","0,030011337"
"2,397","0,019957764","0,020846029","0,029874966"
"2,398","0,019957764","0,020728192","0,029728854"
"2,399","0,019957764","0,020624333","0,029577872"
"2,4","0,019957764","0,020515605","0,02942202"
"2,401","0,019957764","0,020406876","0,029266168"
"2,402","0,019957764","0,020316997","0,029110315"
"2,403","0,019957764","0,020227118","0,028954463"
"2,404","0,019957764","0,020137239","0,02879861"
"2,405","0,019957764","0,020051915","0,028637887"
"2,406","0,019957764","0,019966274","0,028467424"
"2,407","0,019957764","0,019875763","0,02829209"
"2,408","0,019957764","0,019789806","0,028111885"
"2,409","0,019957764","0,019713275","0,027931681"
"2,41","0,019957764","0,019636743","0,027751477"
"2,411","0,019957764","0,019569636","0,027571272"
"2,412","0,019957764","0,019516824","0,027395938"
"2,413","0,019957764","0,019464012","0,027220604"
"2,414","0,019957764","0,019410884","0,027035529"
"2,415","0,019957764","0,019357756","0,026850455"
"2,416","0,019957764","0,019309183","0,026660509"
"2,417","0,019957764","0,019270034","0,026470564"
"2,418","0,019957764","0,01923544","0,026275749"
"2,419","0,019957764","0,019196291","0,026085803"
"2,42","0,019957764","0,019175992","0,025895858"
"2,421","0,019957764","0,019155692","0,025705913"
"2,422","0,019957764","0,019144818","0,025515968"
"2,423","0,019957764","0,019138814","0,025330893"
"2,424","0,019957764","0,019132494","0,025136078"
"2,425","0,019957764","0,019126174","0,024941262"
"2,426","0,019957764","0,019119538","0,024736706"
"2,427","0,019957764","0,019112902","0,024532149"
"2,428","0,019957764","0,019115691","0,024327593"
"2,429","0,019957764","0,01911848","0,024123037"
"2,43","0,019957764","0,019135564","0,023923351"
"2,431","0,019957764","0,019152648","0,023723665"
"2,432","0,019957764","0,019164861","0,023519108"
"2,433","0,019957764","0,019181629","0,023309682"
"2,434","0,019957764","0,019188972","0,023100255"
"2,435","0,019957764","0,019205424","0,022881088"
"2,436","0,019957764","0,019212451","0,02266192"
"2,437","0,019957764","0,019219478","0,022442753"
"2,438","0,019957764","0,019231376","0,022228455"
"2,439","0,019957764","0,019238403","0,022009288"
"2,44","0,019957764","0,019254855","0,02179012"
"2,441","0,019957764","0,019257012","0,021566082"
"2,442","0,019957764","0,019268593","0,021342045"
"2,443","0,019957764","0,01927075","0,021118007"
"2,444","0,019957764","0,019277461","0,020889098"
"2,445","0,019957764","0,019274748","0,02066019"
"2,446","0,019957764","0,019272034","0,020431282"
"2,447","0,019957764","0,019269321","0,020202374"
"2,448","0,019957764","0,019266607","0,019973465"
"2,449","0,019957764","0,019268764","0,019749427"
"2,45","0,019957764","0,019270921","0,01952539"
"2,451","0,019957764","0,019258782","0,019296481"
"2,452","0,019957764","0,019260939","0,019072443"
"2,453","0,019957764","0,0192488","0,018843535"
"2,454","0,019957764","0,019236662","0,018614627"
"2,455","0,019957764","0,019224524","0,018385718"
"2,456","0,019957764","0,019217256","0,018161681"
"2,457","0,019957764","0,019200563","0,017937643"
"2,458","0,019957764","0,019188741","0,017718475"
"2,459","0,019957764","0,019181789","0,017504178"
"2,46","0,019957764","0,019169966","0,017285011"
"2,461","0,019957764","0,019153589","0,017070713"
"2,462","0,019957764","0,019137213","0,016856416"
"2,463","0,019957764","0,019116281","0,01664699"
"2,464","0,019957764","0,019104775","0,016437563"
"2,465","0,019957764","0,019083844","0,016228136"
"2,466","0,019957764","0,019053488","0,016018709"
"2,467","0,019957764","0,019018262","0,015804412"
"2,468","0,019957764","0,018983351","0,015599856"
"2,469","0,019957764","0,018948441","0,0153953"
"2,47","0,019957764","0,018918401","0,015195614"
"2,471","0,019957764","0,018883807","0,015000798"
"2,472","0,019957764","0,018849212","0,014805983"
"2,473","0,019957764","0,018805193","0,014611167"
"2,474","0,019957764","0,018756304","0,014411481"
"2,475","0,019957764","0,018697989","0,014211795"
"2,476","0,019957764","0,018639675","0,014012109"
"2,477","0,019957764","0,018581677","0,013822164"
"2,478","0,019957764","0,018523679","0,013632219"
"2,479","0,019957764","0,01846568","0,013442274"
"2,48","0,019957764","0,018388832","0,013252328"
"2,481","0,019957764","0,01832628","0,013067254"
"2,482","0,019957764","0,018259173","0,012887049"
"2,483","0,019957764","0,018177771","0,012701975"
"2,484","0,019957764","0,018101239","0,01252177"
"2,485","0,019955566","0,018019836","0,012336695"
"2,486","0,019955566","0,017929009","0,012151621"
"2,487","0,019955566","0,017843053","0,011971416"
"2,488","0,019957764","0,017752542","0,011796082"
"2,489","0,019957764","0,017657476","0,011625619"
"2,49","0,019955566","0,017571836","0,011455155"
"2,491","0,019955566","0,01747677","0,011284691"
"2,492","0,019955566","0,01737228","0,011114228"
"2,493","0,019955566","0,01726779","0,010943764"
"2,494","0,019955566","0,017153875","0,0107733"
"2,495","0,019955566","0,017044831","0,010607707"
"2,496","0,019955566","0,016940656","0,010446984"
"2,497","0,019955566","0,016831928","0,010291132"
"2,498","0,019955566","0,01672807","0,01014015"
"2,499","0,019955566","0,016624212","0,009989168"
"2,5","0,019955566","0,016515799","0,009843056"
"2,501","0,019955566","0,016407386","0,009696945"
"2,502","0,019955566","0,016289549","0,009550833"
"2,503","0,019955566","0,016176582","0,009409592"
"2,504","0,019953369","0,016063615","0,00926835"
"2,505","0,019953369","0,015955519","0,009131979"
"2,506","0,019953369","0,015842868","0,009000479"
"2,507","0,019953369","0,015749382","0,008878719"
"2,508","0,019953369","0,015646472","0,008756959"
"2,509","0,019953369","0,015543878","0,00864494"
"2,51","0,019953369","0,015445838","0,008528051"
"2,511","0,019953369","0,015343244","0,008416032"
"2,512","0,019953369","0,01524552","0,008308884"
"2,513","0,019953369","0,015142926","0,008196865"
"2,514","0,019953369","0,015050073","0,008094587"
"2,515","0,019953369","0,014957219","0,007992308"
"2,516","0,019951172","0,014864366","0,00789003"
"2,517","0,019951172","0,014776383","0,007792622"
"2,518","0,019951172","0,014683845","0,007700085"
"2,519","0,019951172","0,014605603","0,007612418"
"2,52","0,019951172","0,014532231","0,007529621"
"2,521","0,019951172","0,014454305","0,007451695"
"2,522","0,019951172","0,014385804","0,007373769"
"2,523","0,019951172","0,014303007","0,007290972"
"2,524","0,019951172","0,014234506","0,007213046"
"2,525","0,019951172","0,014156579","0,00713512"
"2,526","0,019948975","0,014092948","0,007062064"
"2,527","0,019948975","0,014024763","0,006993879"
"2,528","0,019948975","0,013970873","0,006930564"
"2,529","0,019948975","0,013921853","0,006872119"
"2,53","0,019948975","0,013872833","0,006813674"
"2,531","0,019948975","0,013823813","0,00675523"
"2,532","0,019948975","0,013774793","0,006696785"
"2,533","0,019948975","0,013730644","0,006643211"
"2,534","0,019948975","0,013691365","0,006594507"
"2,535","0,019948975","0,013652085","0,006545803"
"2,536","0,019948975","0,013612806","0,006497099"
"2,537","0,019948975","0,013587822","0,006453265"
"2,538","0,019946777","0,013553414","0,006409432"
"2,539","0,019946777","0,01353817","0,006375339"
"2,54","0,019946777","0,013522927","0,006341246"
"2,541","0,019946777","0,013512555","0,006312024"
"2,542","0,019946777","0,013492757","0,006282802"
"2,543","0,019946777","0,013482384","0,006253579"
"2,544","0,019946777","0,013476882","0,006229228"
"2,545","0,019946777","0,01347625","0,006209746"
"2,546","0,019946777","0,013489913","0,006195135"
"2,547","0,019946777","0,013499022","0,006185394"
"2,548","0,019946777","0,013513001","0,006180524"
"2,549","0,019946777","0,013536405","0,006175653"
"2,55","0,019946777","0,013550384","0,006170783"
"2,551","0,019946777","0,013569234","0,006170783"
"2,552","0,019946777","0,013602378","0,006175653"
"2,553","0,019946777","0,013630969","0,006185394"
"2,554","0,019946777","0,013664429","0,006200005"
"2,555","0,019946777","0,01369789","0,006214616"
"2,556","0,019946777","0,013740776","0,006229228"
"2,557","0,019946777","0,013783977","0,006253579"
"2,558","0,01994458","0,013827179","0,006277931"
"2,559","0,01994458","0,01387525","0,006307154"
"2,56","0,01994458","0,013928193","0,006341246"
"2,561","0,01994458","0,013981135","0,006375339"
"2,562","0,01994458","0,014034077","0,006409432"
"2,563","0,01994458","0,01409189","0,006448395"
"2,564","0,01994458","0,014154573","0,006492229"
"2,565","0,01994458","0,014212702","0,006540932"
"2,566","0,01994458","0,014285126","0,006594507"
"2,567","0,01994458","0,014348125","0,006648081"
"2,568","0,01994458","0,014411124","0,006701655"
"2,569","0,01994458","0,014478993","0,0067601"
"2,57","0,01994458","0,014546863","0,006818545"
"2,571","0,01994458","0,014614732","0,006876989"
"2,572","0,01994458","0,014678047","0,006940304"
"2,573","0,01994458","0,014746232","0,00700849"
"2,574","0,01994458","0,014819288","0,007081546"
"2,575","0,01994458","0,014897215","0,007159472"
"2,576","0,01994458","0,01497027","0,007232528"
"2,577","0,01994458","0,015038772","0,007310454"
"2,578","0,01994458","0,015112144","0,007393251"
"2,579","0,01994458","0,015180645","0,007471177"
"2,58","0,01994458","0,015244592","0,007553973"
"2,581","0,01994458","0,015317964","0,00763677"
"2,582","0,01994458","0,015386781","0,007724437"
"2,583","0,01994458","0,015446174","0,007812104"
"2,584","0,01994458","0,015519862","0,007904641"
"2,585","0,01994458","0,015588995","0,008002049"
"2,586","0,01994458","0,015658129","0,008099457"
"2,587","0,01994458","0,015722708","0,008201735"
"2,588","0,01994458","0,015787287","0,008304013"
"2,589","0,01994458","0,015851866","0,008406291"
"2,59","0,01994458","0,015916445","0,00850857"
"2,591","0,01994458","0,01597647","0,008615718"
"2,592","0,01994458","0,016041365","0,008727737"
"2,593","0,01994458","0,016096835","0,008839756"
"2,594","0,01994458","0,016152305","0,008951775"
"2,595","0,01994458","0,016207776","0,009063794"
"2,596","0,01994458","0,016263562","0,009185554"
"2,597","0,01994458","0,016324219","0,009312184"
"2,598","0,01994458","0,016380321","0,009443684"
"2,599","0,01994458","0,016445848","0,009575185"
"2,6","0,01994458","0,01650195","0,009706685"
"2,601","0,01994458","0,016553498","0,009843056"
"2,602","0,01994458","0,016600176","0,009974557"
"2,603","0,01994458","0,016651723","0,010110928"
"2,604","0,01994458","0,016698717","0,010252169"
"2,605","0,01994458","0,016750581","0,010398281"
"2,606","0,01994458","0,016802445","0,010544392"
"2,607","0,01994458","0,016849754","0,010695374"
"2,608","0,01994458","0,016897064","0,010846356"
"2,609","0,01994458","0,016944373","0,010997338"
"2,61","0,01994458","0,016982258","0,01114832"
"2,611","0,01994458","0,017020143","0,011299302"
"2,612","0,01994458","0,017058343","0,011460025"
"2,613","0,01994458","0,017091674","0,011615878"
"2,614","0,01994458","0,017129874","0,011776601"
"2,615","0,01994458","0,017168075","0,011937323"
"2,616","0,01994458","0,017196851","0,012098046"
"2,617","0,01994458","0,017230497","0,01226364"
"2,618","0,01994458","0,017264144","0,012429233"
"2,619","0,01994458","0,017283495","0,012589956"
"2,62","0,01994458","0,017302846","0,012750678"
"2,621","0,01994458","0,017322197","0,012911401"
"2,622","0,01994458","0,017332124","0,013072124"
"2,623","0,01994458","0,01734692","0,013237717"
"2,624","0,01994458","0,017366588","0,013408181"
"2,625","0,01994458","0,017386255","0,013578645"
"2,626","0,01994458","0,017405922","0,013749108"
"2,627","0,01994458","0,017416164","0,013919572"
"2,628","0,01994458","0,017430961","0,014085165"
"2,629","0,01994458","0,017436333","0,014250758"
"2,63","0,01994458","0,017441705","0,014416351"
"2,631","0,01994458","0,017447077","0,014581945"
"2,632","0,01994458","0,01746219","0,014757279"
"2,633","0,01994458","0,017482173","0,014937483"
"2,634","0,01994458","0,017497286","0,015112817"
"2,635","0,01994458","0,017512399","0,015288151"
"2,636","0,01994458","0,017518087","0,015463485"
"2,637","0,01994458","0,017528329","0,015633949"
"2,638","0,01994458","0,017538571","0,015804412"
"2,639","0,01994458","0,017539389","0,015974876"
"2,64","0,01994458","0,017559372","0,01615508"
"2,641","0,01994458","0,017579355","0,016335285"
"2,642","0,01994458","0,017599339","0,016515489"
"2,643","0,01994458","0,017619322","0,016695693"
"2,644","0,01994458","0,017639305","0,016875898"
"2,645","0,01994458","0,017654418","0,017051232"
"2,646","0,01994458","0,017678955","0,017226566"
"2,647","0,01994458","0,017694068","0,0174019"
"2,648","0,01994458","0,017709181","0,017577234"
"2,649","0,01994458","0,017738589","0,017757438"
"2,65","0,01994458","0,017767997","0,017937643"
"2,651","0,01994458","0,01778798","0,018117847"
"2,652","0,01994458","0,017826813","0,018298051"
"2,653","0,01994458","0,017861091","0,018483126"
"2,654","0,01994458","0,017890499","0,018663331"
"2,655","0,01994458","0,017929332","0,018843535"
"2,656","0,01994458","0,017963294","0,019018869"
"2,657","0,01994458","0,017997256","0,019194203"
"2,658","0,01994458","0,018026348","0,019364667"
"2,659","0,01994458","0,018064865","0,01953513"
"2,66","0,01994458","0,018093957","0,019705594"
"2,661","0,01994458","0,018137344","0,019880928"
"2,662","0,01994458","0,018190156","0,020056262"
"2,663","0,01994458","0,018238413","0,020236466"
"2,664","0,01994458","0,018291225","0,0204118"
"2,665","0,01994458","0,018334296","0,020577394"
"2,666","0,01994458","0,018372497","0,020738116"
"2,667","0,01994458","0,018415252","0,020893969"
"2,668","0,01994458","0,018453137","0,021044951"
"2,669","0,01994458","0,018495892","0,021200803"
"2,67","0,01994458","0,018552942","0,021361526"
"2,671","0,01994458","0,018605438","0,021527119"
"2,672","0,01994458","0,018671913","0,021687842"
"2,673","0,01994458","0,018724093","0,021843695"
"2,674","0,01994458","0,018780827","0,021994677"
"2,675","0,01994458","0,018837562","0,022145659"
"2,676","0,01994458","0,018884555","0,0222869"
"2,677","0,01994458","0,018931549","0,022428141"
"2,678","0,01994458","0,019002262","0,022574253"
"2,679","0,01994458","0,019063551","0,022720365"
"2,68","0,01994458","0,01912971","0,022871347"
"2,681","0,01994458","0,019200423","0,023017458"
"2,682","0,01994458","0,019266266","0,0231587"
"2,683","0,01994458","0,019327239","0,023295071"
"2,684","0,01994458","0,019397637","0,023431441"
"2,685","0,01994458","0,019448868","0,023558072"
"2,686","0,01994458","0,01952382","0,023689572"
"2,687","0,01994458","0,019589347","0,023821073"
"2,688","0,01994458","0,019664299","0,023952573"
"2,689","0,01994458","0,019734381","0,024079203"
"2,69","0,01994458","0,019804462","0,024205833"
"2,691","0,01994458","0,019874543","0,024332463"
"2,692","0,01994458","0,019939755","0,024454223"
"2,693","0,01994458","0,02000952","0,024571113"
"2,694","0,01994458","0,020074731","0,024692872"
"2,695","0,01994458","0,020144496","0,024809762"
"2,696","0,01994458","0,020218816","0,024921781"
"2,697","0,01994458","0,020288582","0,02503867"
"2,698","0,01994458","0,020367772","0,025155559"
"2,699","0,01994458","0,020437221","0,025262708"
"2,7","0,01994458","0,020506671","0,025369856"
"2,701","0,01994458","0,02057125","0,025472134"
"2,702","0,01994458","0,020635829","0,025574413"
"2,703","0,019946777","0,020695538","0,02567182"
"2,704","0,019946777","0,020755246","0,025769228"
"2,705","0,019946777","0,020819825","0,025871506"
"2,706","0,019946777","0,020888959","0,025968914"
"2,707","0,019946777","0,020953222","0,026061452"
"2,708","0,019946777","0,021012615","0,026149119"
"2,709","0,019946777","0,021072007","0,026236786"
"2,71","0,019946777","0,021117105","0,026319582"
"2,711","0,019946777","0,021171627","0,026402379"
"2,712","0,019946777","0,021230704","0,026480305"
"2,713","0,019946777","0,021280356","0,026558231"
"2,714","0,019946777","0,021330007","0,026636157"
"2,715","0,019946777","0,021384214","0,026709213"
"2,716","0,019946777","0,021424125","0,026777399"
"2,717","0,019946777","0,02146859","0,026840714"
"2,718","0,019946777","0,021513056","0,026904029"
"2,719","0,019946777","0,021552651","0,026962474"
"2,72","0,019948975","0,021577951","0,027016048"
"2,721","0,019948975","0,021612676","0,027069622"
"2,722","0,019948975","0,0216474","0,027123196"
"2,723","0,019948975","0,021677255","0,0271719"
"2,724","0,019948975","0,021707109","0,027220604"
"2,725","0,019948975","0,021736963","0,027269308"
"2,726","0,019948975","0,021761947","0,027313142"
"2,727","0,019948975","0,021782061","0,027352105"
"2,728","0,019948975","0,021797304","0,027386197"
"2,729","0,019948975","0,021807677","0,02741542"
"2,73","0,019951172","0,02181805","0,027444642"
"2,731","0,019951172","0,021828422","0,027473864"
"2,732","0,019951172","0,02184822","0,027503087"
"2,733","0,019951172","0,021858593","0,027532309"
"2,734","0,019951172","0,021868965","0,027561531"
"2,735","0,019951172","0,021869597","0,027581013"
"2,736","0,019953369","0,021874784","0,027595624"
"2,737","0,019953369","0,021865675","0,027605365"
"2,738","0,019953369","0,021856566","0,027615106"
"2,739","0,019953369","0,021861753","0,027629717"
"2,74","0,019953369","0,021852644","0,027639458"
"2,741","0,019953369","0,021843535","0,027649198"
"2,742","0,019953369","0,021843851","0,027658939"
"2,743","0,019953369","0,021829872","0,02766381"
"2,744","0,019953369","0,021820447","0,02766381"
"2,745","0,019953369","0,021806152","0,027658939"
"2,746","0,019953369","0,021777562","0,027649198"
"2,747","0,019953369","0,021758396","0,027639458"
"2,748","0,019953369","0,021739231","0,027629717"
"2,749","0,019953369","0,021720065","0,027619976"
"2,75","0,019953369","0,021700899","0,027610235"
"2,751","0,019953369","0,021676864","0,027595624"
"2,752","0,019953369","0,021657382","0,027576143"
"2,753","0,019953369","0,021628476","0,027556661"
"2,754","0,019953369","0,021604124","0,027532309"
"2,755","0,019953369","0,021570347","0,027507957"
"2,756","0,019953369","0,021536254","0,027473864"
"2,757","0,019953369","0,021507032","0,027444642"
"2,758","0,019953369","0,021472939","0,027410549"
"2,759","0,019953369","0,021438846","0,027376457"
"2,76","0,019953369","0,021399883","0,027337493"
"2,761","0,019953369","0,02135605","0,02729366"
"2,762","0,019953369","0,021316771","0,027244956"
"2,763","0,019953369","0,021268067","0,027196252"
"2,764","0,019953369","0,021223917","0,027142678"
"2,765","0,019953369","0,021184638","0,027093974"
"2,766","0,019953369","0,021140489","0,0270404"
"2,767","0,019953369","0,021096339","0,026986825"
"2,768","0,019953369","0,021047319","0,026928381"
"2,769","0,019953369","0,020993429","0,026865066"
"2,77","0,019953369","0,020948964","0,026801751"
"2,771","0,019953369","0,020899628","0,026733565"
"2,772","0,019953369","0,020840867","0,02666538"
"2,773","0,019953369","0,020791531","0,026597194"
"2,774","0,019953369","0,02074675","0,026524139"
"2,775","0,019953369","0,020692543","0,026451083"
"2,776","0,019953369","0,020642891","0,026373156"
"2,777","0,019953369","0,020583815","0,02629523"
"2,778","0,019953369","0,020529292","0,026212434"
"2,779","0,019953369","0,02047477","0,026129637"
"2,78","0,019953369","0,020420248","0,02604684"
"2,781","0,019953369","0,02037028","0,025959173"
"2,782","0,019953369","0,020320312","0,025871506"
"2,783","0,019953369","0,020265474","0,025778969"
"2,784","0,019953369","0,020215506","0,025691302"
"2,785","0,019953369","0,020160668","0,025598765"
"2,786","0,019953369","0,020120125","0,025511098"
"2,787","0,019953369","0,020069841","0,02541369"
"2,788","0,019953369","0,020019557","0,025316282"
"2,789","0,019953369","0,019964403","0,025214004"
"2,79","0,019953369","0,019918673","0,025111726"
"2,791","0,019953369","0,019877814","0,025014318"
"2,792","0,019953369","0,019832084","0,02491204"
"2,793","0,019953369","0,019791225","0,024814632"
"2,794","0,019953369","0,019754921","0,024712354"
"2,795","0,019953369","0,019713745","0,024605205"
"2,796","0,019953369","0,019677125","0,024493186"
"2,797","0,019953369","0,019631079","0,024381167"
"2,798","0,019953369","0,019589588","0,024264278"
"2,799","0,019953369","0,019557838","0,024157129"
"2,8","0,019953369","0,019521217","0,024045111"
"2,801","0,019953369","0,019494021","0,023933092"
"2,802","0,019953369","0,0194574","0,023821073"
"2,803","0,019953369","0,019425334","0,023704183"
"2,804","0,019953369","0,019392952","0,023577553"
"2,805","0,019953369","0,01936544","0,023455793"
"2,806","0,019953369","0,019318762","0,023324293"
"2,807","0,019953369","0,01929125","0,023202533"
"2,808","0,019953369","0,019258868","0,023075903"
"2,809","0,019953369","0,01923591","0,022949273"
"2,81","0,019953369","0,019212953","0,022822643"
"2,811","0,019953369","0,019189995","0,022696013"
"2,812","0,019953369","0,019162167","0,022564512"
"2,813","0,019953369","0,019134339","0,022433012"
"2,814","0,019953369","0,019111066","0,022296641"
"2,815","0,019953369","0,019087792","0,02216027"
"2,816","0,019953369","0,019064519","0,022023899"
"2,817","0,019953369","0,019036375","0,021882658"
"2,818","0,019953369","0,019022526","0,021746287"
"2,819","0,019953369","0,018999253","0,021609916"
"2,82","0,019953369","0,018975979","0,021473545"
"2,821","0,019953369","0,01896213","0,021337174"
"2,822","0,019953369","0,018943411","0,021195933"
"2,823","0,019953369","0,018924692","0,021054692"
"2,824","0,019953369","0,018905973","0,02091345"
"2,825","0,019953369","0,018896678","0,020772209"
"2,826","0,019953369","0,018873089","0,020626097"
"2,827","0,019953369","0,018863794","0,020484856"
"2,828","0,019953369","0,018840205","0,020338744"
"2,829","0,019953369","0,01883091","0,020197503"
"2,83","0,019953369","0,018821616","0,020056262"
"2,831","0,019953369","0,018807767","0,019919891"
"2,832","0,019953369","0,018798473","0,01977865"
"2,833","0,019953369","0,018789178","0,019637408"
"2,834","0,019953369","0,018775014","0,019491297"
"2,835","0,019953369","0,018756294","0,019350056"
"2,836","0,019953369","0,018747","0,019208814"
"2,837","0,019953369","0,018737706","0,019067573"
"2,838","0,019953369","0,018714116","0,018921461"
"2,839","0,019953369","0,018704822","0,01878022"
"2,84","0,019953369","0,018695527","0,018638979"
"2,841","0,019953369","0,018681679","0,018502608"
"2,842","0,019953369","0,01866783","0,018366237"
"2,843","0,019953369","0,018649111","0,018224996"
"2,844","0,019953369","0,018635262","0,018088625"
"2,845","0,019953369","0,018616543","0,017947383"
"2,846","0,019953369","0,018597824","0,017806142"
"2,847","0,019953369","0,018579104","0,017664901"
"2,848","0,019953369","0,018565256","0,01752853"
"2,849","0,019953369","0,018541982","0,017392159"
"2,85","0,019953369","0,018518708","0,017255788"
"2,851","0,019953369","0,018490565","0,017114547"
"2,852","0,019953369","0,018467291","0,016978176"
"2,853","0,019953369","0,018434593","0,016841805"
"2,854","0,019953369","0,018416189","0,016710305"
"2,855","0,019953369","0,018388362","0,016578804"
"2,856","0,019953369","0,018360534","0,016447304"
"2,857","0,019953369","0,018332706","0,016315803"
"2,858","0,019953369","0,018295453","0,016184303"
"2,859","0,019953369","0,018262755","0,016047932"
"2,86","0,019953369","0,018225502","0,015916431"
"2,861","0,019953369","0,01819312","0,015789801"
"2,862","0,019953369","0,018151312","0,015663171"
"2,863","0,019953369","0,018109505","0,015536541"
"2,864","0,019953369","0,018072569","0,015414781"
"2,865","0,019953369","0,018035632","0,015293021"
"2,866","0,019953369","0,017993825","0,015166391"
"2,867","0,019953369","0,017956888","0,015044632"
"2,868","0,019953369","0,017910527","0,014922872"
"2,869","0,019953369","0,017864165","0,014801112"
"2,87","0,019953369","0,017822674","0,014684223"
"2,871","0,019953369","0,017766888","0,014562463"
"2,872","0,019953369","0,017725397","0,014445574"
"2,873","0,019953369","0,017674481","0,014328684"
"2,874","0,019953369","0,01761901","0,014216665"
"2,875","0,019953369","0,017572965","0,014104647"
"2,876","0,019953369","0,017527235","0,014002368"
"2,877","0,019953369","0,01748606","0,01389522"
"2,878","0,019951172","0,01743546","0,013788071"
"2,879","0,019951172","0,017380306","0,013685793"
"2,88","0,019951172","0,017324836","0,013573774"
"2,881","0,019951172","0,017269681","0,013471496"
"2,882","0,019951172","0,017214527","0,013369218"
"2,883","0,019951172","0,017164243","0,01327181"
"2,884","0,019951172","0,01711883","0,013179273"
"2,885","0,019951172","0,017068862","0,013091606"
"2,886","0,019951172","0,017018894","0,013003939"
"2,887","0,019951172","0,016968926","0,012916272"
"2,888","0,019951172","0,016914088","0,012823734"
"2,889","0,019951172","0,01686412","0,012736067"
"2,89","0,019951172","0,016809598","0,012653271"
"2,891","0,019951172","0,01675963","0,012565604"
"2,892","0,019951172","0,016709978","0,012487677"
"2,893","0,019951172","0,016660326","0,012409751"
"2,894","0,019951172","0,016610674","0,012331825"
"2,895","0,019951172","0,016561338","0,01226364"
"2,896","0,019951172","0,016516557","0,012190584"
"2,897","0,019951172","0,016467221","0,012122398"
"2,898","0,019951172","0,016417885","0,012054213"
"2,899","0,019951172","0,016377974","0,011986027"
"2,9","0,019951172","0,016333508","0,011922712"
"2,901","0,019951172","0,016284172","0,011854527"
"2,902","0,019951172","0,016239707","0,011791212"
"2,903","0,019951172","0,016200112","0,011732767"
"2,904","0,019951172","0,016146222","0,011669452"
"2,905","0,019951172","0,016111497","0,011615878"
"2,906","0,019951172","0,016067347","0,011562303"
"2,907","0,019951172","0,016037493","0,0115136"
"2,908","0,019951172","0,016012509","0,011469766"
"2,909","0,019951172","0,01597323","0,011421062"
"2,91","0,019951172","0,015938821","0,011377229"
"2,911","0,019951172","0,015908967","0,011328525"
"2,912","0,019951172","0,015874558","0,011284691"
"2,913","0,019951172","0,015840149","0,011240858"
"2,914","0,019951172","0,015820036","0,011201895"
"2,915","0,019951172","0,015795368","0,011167802"
"2,916","0,019951172","0,01577557","0,01113858"
"2,917","0,019948975","0,015755773","0,011109357"
"2,918","0,019948975","0,015735975","0,011080135"
"2,919","0,019948975","0,015721048","0,011055783"
"2,92","0,019951172","0,015706121","0,011031431"
"2,921","0,019951172","0,015686323","0,011002209"
"2,922","0,019948975","0,015680821","0,010977857"
"2,923","0,019948975","0,015670764","0,010958375"
"2,924","0,019948975","0,015665578","0,010943764"
"2,925","0,019948975","0,015660391","0,010929153"
"2,926","0,019948975","0,015660075","0,010919412"
"2,927","0,019948975","0,01566463","0,010914542"
"2,928","0,019948975","0,015669184","0,010909671"
"2,929","0,019948975","0,015659443","0,010899931"
"2,93","0,019948975","0,015663998","0,01089506"
"2,931","0,019948975","0,015673423","0,01089506"
"2,932","0,019948975","0,015673423","0,01089506"
"2,933","0,019948975","0,015682847","0,01089506"
"2,934","0,019948975","0,015687718","0,010899931"
"2,935","0,019948975","0,015697459","0,010909671"
"2,936","0,019948975","0,015707199","0,010919412"
"2,937","0,019948975","0,01571694","0,010929153"
"2,938","0,019948975","0,015726681","0,010938894"
"2,939","0,019948975","0,015741292","0,010953505"
"2,94","0,019948975","0,015755903","0,010968116"
"2,941","0,019948975","0,01576109","0,010982727"
"2,942","0,019948975","0,015780571","0,011002209"
"2,943","0,019948975","0,015785758","0,01101682"
"2,944","0,019948975","0,015805239","0,011036301"
"2,945","0,019948975","0,015829591","0,011060653"
"2,946","0,019948975","0,015839648","0,011080135"
"2,947","0,019948975","0,015854575","0,011104487"
"2,948","0,019948975","0,015874057","0,011123968"
"2,949","0,019948975","0,015888984","0,01114832"
"2,95","0,019948975","0,015908781","0,011177543"
"2,951","0,019948975","0,015928579","0,011206765"
"2,952","0,019948975","0,015948376","0,011235987"
"2,953","0,019948975","0,015982469","0,01127008"
"2,954","0,019948975","0,016007137","0,011304173"
"2,955","0,019948975","0,016031805","0,011338266"
"2,956","0,019948975","0,016056473","0,011372358"
"2,957","0,019948975","0,016071716","0,011406451"
"2,958","0,019948975","0,016101254","0,011445414"
"2,959","0,019948975","0,016121368","0,011484377"
"2,96","0,019948975","0,016150906","0,01152334"
"2,961","0,019948975","0,01617589","0,011567174"
"2,962","0,019948975","0,016215169","0,011615878"
"2,963","0,019948975","0,016245024","0,011664582"
"2,964","0,019948975","0,016274878","0,011713286"
"2,965","0,019948975","0,016299862","0,011757119"
"2,966","0,019948975","0,016324846","0,011800953"
"2,967","0,019948975","0,0163547","0,011849656"
"2,968","0,019948975","0,01638","0,011903231"
"2,969","0,019948975","0,016414725","0,011956805"
"2,97","0,019948975","0,016440025","0,012010379"
"2,971","0,019948975","0,016470195","0,012068824"
"2,972","0,019948975","0,016500366","0,012127269"
"2,973","0,019948975","0,016525666","0,012180843"
"2,974","0,019948975","0,016555836","0,012239288"
"2,975","0,019948975","0,016586006","0,012297732"
"2,976","0,019948975","0,016616177","0,012356177"
"2,977","0,019948975","0,016641792","0,012419492"
"2,978","0,019948975","0,016667408","0,012482807"
"2,979","0,019948975","0,016693024","0,012546122"
"2,98","0,019948975","0,016723511","0,012614308"
"2,981","0,019948975","0,016753997","0,012682493"
"2,982","0,019948975","0,016779929","0,012755549"
"2,983","0,019948975","0,016800991","0,012823734"
"2,984","0,019948975","0,016831477","0,01289192"
"2,985","0,019948975","0,016852538","0,012960105"
"2,986","0,019948975","0,0168736","0,013028291"
"2,987","0,019948975","0,016894662","0,013096476"
"2,988","0,019948975","0,016920593","0,013169532"
"2,989","0,019948975","0,016941971","0,013247458"
"2,99","0,019948975","0,016963349","0,013325384"
"2,991","0,019948975","0,016994151","0,013403311"
"2,992","0,019948975","0,017015528","0,013481237"
"2,993","0,019948975","0,017027481","0,013559163"
"2,994","0,019948975","0,017048859","0,013637089"
"2,995","0,019948975","0,017070236","0,013715015"
"2,996","0,019948975","0,017091614","0,013792942"
"2,997","0,019948975","0,017108437","0,013875738"
"2,998","0,019948975","0,017139555","0,013963405"
"2,999","0,019948975","0,017156379","0,014046202"
3,"0,019948975","0,017178072","0,014133869"
"3,001","0,019948975","0,017199766","0,014221536"
"3,002","0,019948975","0,017221459","0,014309203"
"3,003","0,019948975","0,017243153","0,01439687"
"3,004","0,019948975","0,017255422","0,014484537"
"3,005","0,019948975","0,017272245","0,014567334"
"3,006","0,019948975","0,017284514","0,014655001"
"3,007","0,019948975","0,017306207","0,014742668"
"3,008","0,019948975","0,017323346","0,014835205"
"3,009","0,019948975","0,01734991","0,014927742"
"3,01","0,019948975","0,017362179","0,015015409"
"3,011","0,019948975","0,017379318","0,015107947"
"3,012","0,019948975","0,017396457","0,015200484"
"3,013","0,019948975","0,017408726","0,015288151"
"3,014","0,019948975","0,017430736","0,015385559"
"3,015","0,019948975","0,017447875","0,015478096"
"3,016","0,019948975","0,017469884","0,015575504"
"3,017","0,019948975","0,017491894","0,015672912"
"3,018","0,019948975","0,017518458","0,015765449"
"3,019","0,019948975","0,017540467","0,015862857"
"3,02","0,019948975","0,017557607","0,015955394"
"3,021","0,019948975","0,017574746","0,016047932"
"3,022","0,019948975","0,017596755","0,01614534"
"3,023","0,019948975","0,01760934","0,016242747"
"3,024","0,019948975","0,01763135","0,016340155"
"3,025","0,019948975","0,017653359","0,016437563"
"3,026","0,019948975","0,017675369","0,016534971"
"3,027","0,019948975","0,017697378","0,016632378"
"3,028","0,019948975","0,017728813","0,016729786"
"3,029","0,019948975","0,017750822","0,016827194"
"3,03","0,019948975","0,017767961","0,016919731"
"3,031","0,019948975","0,017785101","0,017012269"
"3,032","0,019948975","0,01780224","0,017104806"
"3,033","0,019948975","0,017824249","0,017202214"
"3,034","0,019948975","0,017846259","0,017299622"
"3,035","0,019948975","0,017868268","0,01739703"
"3,036","0,019948975","0,017890278","0,017494437"
"3,037","0,019948975","0,017921712","0,017591845"
"3,038","0,019948975","0,017943722","0,017689253"
"3,039","0,019948975","0,017970286","0,01778179"
"3,04","0,019948975","0,017982555","0,017869457"
"3,041","0,019948975","0,018009119","0,017961995"
"3,042","0,019948975","0,018040553","0,018059402"
"3,043","0,019948975","0,018067117","0,01815194"
"3,044","0,019948975","0,018089126","0,018249348"
"3,045","0,019948975","0,018120561","0,018346755"
"3,046","0,019948975","0,018147125","0,018439293"
"3,047","0,019948975","0,018183113","0,01853183"
"3,048","0,019948975","0,018209677","0,018624368"
"3,049","0,019948975","0,018240796","0,018712035"
"3,05","0,019948975","0,018262489","0,018799702"
"3,051","0,019948975","0,018298478","0,018892239"
"3,052","0,019948975","0,018320171","0,018979906"
"3,053","0,019948975","0,01835129","0,019067573"
"3,054","0,019948975","0,018387279","0,01916011"
"3,055","0,019948975","0,018423267","0,019252648"
"3,056","0,019948975","0,018459256","0,019345185"
"3,057","0,019948975","0,018499799","0,019432852"
"3,058","0,019948975","0,018530917","0,019520519"
"3,059","0,019948975","0,01856659","0,019603316"
"3,06","0,019948975","0,018592838","0,019686112"
"3,061","0,019948975","0,018628511","0,019768909"
"3,062","0,019948975","0,018669054","0,019856576"
"3,063","0,019948975","0,018704727","0,019939373"
"3,064","0,019948975","0,018740399","0,020022169"
"3,065","0,019948975","0,018780942","0,020109836"
"3,066","0,019948975","0,018816615","0,020192633"
"3,067","0,019948975","0,018852288","0,020275429"
"3,068","0,019948975","0,018892515","0,020353356"
"3,069","0,019948975","0,018923317","0,020431282"
"3,07","0,019948975","0,018958674","0,020504338"
"3,071","0,019948975","0,018984606","0,020577394"
"3,072","0,019948975","0,019019963","0,020650449"
"3,073","0,019948975","0,01906019","0,020728376"
"3,074","0,019948975","0,019095547","0,020801431"
"3,075","0,019948975","0,019130903","0,020874487"
"3,076","0,019948975","0,01917113","0,020952413"
"3,077","0,019948975","0,019201617","0,021020599"
"3,078","0,019948975","0,019241528","0,021088784"
"3,079","0,019948975","0,019267144","0,021152099"
"3,08","0,019948975","0,01929276","0,021215414"
"3,081","0,019948975","0,019332671","0,0212836"
"3,082","0,019948975","0,019372582","0,021351785"
"3,083","0,019948975","0,019398198","0,0214151"
"3,084","0,019948975","0,019433239","0,021478415"
"3,085","0,019948975","0,019458855","0,021541731"
"3,086","0,019948975","0,019484155","0,021595305"
"3,087","0,019948975","0,019514325","0,02165375"
"3,088","0,019948975","0,019539625","0,021707324"
"3,089","0,019948975","0,019569795","0,021765768"
"3,09","0,019948975","0,019595095","0,021819343"
"3,091","0,019948975","0,019620395","0,021872917"
"3,092","0,019948975","0,019645695","0,021926491"
"3,093","0,019948975","0,019670995","0,021980066"
"3,094","0,019948975","0,019691425","0,022028769"
"3,095","0,019948975","0,019711854","0,022077473"
"3,096","0,019948975","0,019746579","0,022131048"
"3,097","0,019948975","0,019767008","0,022179752"
"3,098","0,019948975","0,019782568","0,022223585"
"3,099","0,019948975","0,019812422","0,022272289"
"3,1","0,019948975","0,019823111","0,022311252"
"3,101","0,019948975","0,019848095","0,022355086"
"3,102","0,019948975","0,019858783","0,022394049"
"3,103","0,019948975","0,019878897","0,022433012"
"3,104","0,019948975","0,019889586","0,022471975"
"3,105","0,019948975","0,019909699","0,022510938"
"3,106","0,019948975","0,019915518","0,022545031"
"3,107","0,019948975","0,019921336","0,022579123"
"3,108","0,019948975","0,019931709","0,022608346"
"3,109","0,019948975","0,019942082","0,022637568"
"3,11","0,019948975","0,019952454","0,02266679"
"3,111","0,019948975","0,019957957","0,022691142"
"3,112","0,019948975","0,019954034","0,022715494"
"3,113","0,019948975","0,019959537","0,022739846"
"3,114","0,019948975","0,019965039","0,022764198"
"3,115","0,019948975","0,019961117","0,02278855"
"3,116","0,019948975","0,019961749","0,022808032"
"3,117","0,019948975","0,019962381","0,022827513"
"3,118","0,019948975","0,019963013","0,022846995"
"3,119","0,019948975","0,019958774","0,022861606"
"3,12","0,019948975","0,019963961","0,022876217"
"3,121","0,019948975","0,019954852","0,022885958"
"3,122","0,019948975","0,019945743","0,022895699"
"3,123","0,019948975","0,019946059","0,022905439"
"3,124","0,019948975","0,019941505","0,02291031"
"3,125","0,019948975","0,019932396","0,022920051"
"3,126","0,019948975","0,019927842","0,022924921"
"3,127","0,019948975","0,019923287","0,022929791"
"3,128","0,019948975","0,019913862","0,022929791"
"3,129","0,019948975","0,019913862","0,022929791"
"3,13","0,019948975","0,019904438","0,022929791"
"3,131","0,019948975","0,019899567","0,022924921"
"3,132","0,019948975","0,019894697","0,022920051"
"3,133","0,019948975","0,019885272","0,022920051"
"3,134","0,019948975","0,019880402","0,02291518"
"3,135","0,019948975","0,019870661","0,022905439"
"3,136","0,019948975","0,019875215","0,022900569"
"3,137","0,019948975","0,019865475","0,022890828"
"3,138","0,019948975","0,019850863","0,022876217"
"3,139","0,019948975","0,019850547","0,022866476"
"3,14","0,019948975","0,019835936","0,022851865"
"3,141","0,019948975","0,01983075","0,022837254"
"3,142","0,019948975","0,019825563","0,022822643"
"3,143","0,019948975","0,019815507","0,022803161"
"3,144","0,019948975","0,01980545","0,02278368"
"3,145","0,019948975","0,019795393","0,022764198"
"3,146","0,019948975","0,019785336","0,022744717"
"3,147","0,019948975","0,019760984","0,022720365"
"3,148","0,019948975","0,019746057","0,022696013"
"3,149","0,019948975","0,019740555","0,022671661"
"3,15","0,019948975","0,019725628","0,022647309"
"3,151","0,019948975","0,019710701","0,022622957"
"3,152","0,019948975","0,019700328","0,022593735"
"3,153","0,019948975","0,01968053","0,022564512"
"3,154","0,019948975","0,019670157","0,02253529"
"3,155","0,019948975","0,01965036","0,022506068"
"3,156","0,019948975","0,019635117","0,022471975"
"3,157","0,019948975","0,019624744","0,022442753"
"3,158","0,019948975","0,019609501","0,02240866"
"3,159","0,019948975","0,019594258","0,022374567"
"3,16","0,019948975","0,019579014","0,022340474"
"3,161","0,019948975","0,019563771","0,022306382"
"3,162","0,019948975","0,019543658","0,022267419"
"3,163","0,019948975","0,019523544","0,022228455"
"3,164","0,019948975","0,019512855","0,022189492"
"3,165","0,019948975","0,019487871","0,022145659"
"3,166","0,019948975","0,019467758","0,022106696"
"3,167","0,019948975","0,019452199","0,022062862"
"3,168","0,019948975","0,01943664","0,022019029"
"3,169","0,019948975","0,019411656","0,021975195"
"3,17","0,019948975","0,019396096","0,021931362"
"3,171","0,019948975","0,019380537","0,021887528"
"3,172","0,019948975","0,019360108","0,021838824"
"3,173","0,019948975","0,019339678","0,02179012"
"3,174","0,019948975","0,019314378","0,021736546"
"3,175","0,019948975","0,019293949","0,021687842"
"3,176","0,019948975","0,019273519","0,021639138"
"3,177","0,019948975","0,01925309","0,021590434"
"3,178","0,019948975","0,019237214","0,02153686"
"3,179","0,019948975","0,019216785","0,021488156"
"3,18","0,019948975","0,01920091","0,021434582"
"3,181","0,019948975","0,01917561","0,021381008"
"3,182","0,019948975","0,019159735","0,021327433"
"3,183","0,019948975","0,019134435","0,021273859"
"3,184","0,019948975","0,019118559","0,021220285"
"3,185","0,019948975","0,019097814","0,02116184"
"3,186","0,019948975","0,019077068","0,021103396"
"3,187","0,019948975","0,019061193","0,021049821"
"3,188","0,019948975","0,019040448","0,020991377"
"3,189","0,019948975","0,019029127","0,020932932"
"3,19","0,019948975","0,019013252","0,020879358"
"3,191","0,019948975","0,018992506","0,020820913"
"3,192","0,019948975","0,018971761","0,020762468"
"3,193","0,019948975","0,018955569","0,020699153"
"3,194","0,019948975","0,018934824","0,020640709"
"3,195","0,019948975","0,018918633","0,020577394"
"3,196","0,019948975","0,018897887","0,020518949"
"3,197","0,019948975","0,018886566","0,020460504"
"3,198","0,019948975","0,018870375","0,020397189"
"3,199","0,019948975","0,018854184","0,020333874"
"3,2","0,019948975","0,018828568","0,020270559"
"3,201","0,019948975","0,018812377","0,020207244"
"3,202","0,019948975","0,018796186","0,020143929"
"3,203","0,019948975","0,018779994","0,020080614"
"3,204","0,019948975","0,018768674","0,020022169"
"3,205","0,019948975","0,018752483","0,019958854"
"3,206","0,019948975","0,018731421","0,019890669"
"3,207","0,019948975","0,018724655","0,019827354"
"3,208","0,019948975","0,018703593","0,019759168"
"3,209","0,019948975","0,018682531","0,019690983"
"3,21","0,019948975","0,01866634","0,019627668"
"3,211","0,019948975","0,018654704","0,019559482"
"3,212","0,019948975","0,018638512","0,019496167"
"3,213","0,019948975","0,018622321","0,019432852"
"3,214","0,019948975","0,018615555","0,019369537"
"3,215","0,019948975","0,018594493","0,019301352"
"3,216","0,019948975","0,018587727","0,019238037"
"3,217","0,019948975","0,018566665","0,019169851"
"3,218","0,019948975","0,018555029","0,019101666"
"3,219","0,019948975","0,018533967","0,01903348"
"3,22","0,019948975","0,018517776","0,018970165"
"3,221","0,019948975","0,018511009","0,01890685"
"3,222","0,019948975","0,018504243","0,018843535"
"3,223","0,019948975","0,018483181","0,01877535"
"3,224","0,019948975","0,018476415","0,018712035"
"3,225","0,019948975","0,018460224","0,018648719"
"3,226","0,019948975","0,018448587","0,018580534"
"3,227","0,019948975","0,018427526","0,018512349"
"3,228","0,019948975","0,018406464","0,018444163"
"3,229","0,019948975","0,018399698","0,018380848"
"3,23","0,019948975","0,018383506","0,018317533"
"3,231","0,019948975","0,01837674","0,018254218"
"3,232","0,019948975","0,018360549","0,018190903"
"3,233","0,019948975","0,018358653","0,018132458"
"3,234","0,019948975","0,018342462","0,018069143"
"3,235","0,019948975","0,0183214","0,018000958"
"3,236","0,019948975","0,018305209","0,017937643"
"3,237","0,019948975","0,018298443","0,017874328"
"3,238","0,019948975","0,018282251","0,017811013"
"3,239","0,019948975","0,018270931","0,017752568"
"3,24","0,019948975","0,01825961","0,017694123"
"3,241","0,019948975","0,018248289","0,017635679"
"3,242","0,019948975","0,018241839","0,017582104"
"3,243","0,019948975","0,018225648","0,017518789"
"3,244","0,019948975","0,018214327","0,017460345"
"3,245","0,019948975","0,018188711","0,01739703"
"3,246","0,019948975","0,01817739","0,017338585"
"3,247","0,019948975","0,018166069","0,01728014"
"3,248","0,019948975","0,018154749","0,017221696"
"3,249","0,019948975","0,018143744","0,017172992"
"3,25","0,019948975","0,018137293","0,017119417"
"3,251","0,019948975","0,018126289","0,017070713"
"3,252","0,019948975","0,018119838","0,017017139"
"3,253","0,019948975","0,018103963","0,016963565"
"3,254","0,019948975","0,018088088","0,016909991"
"3,255","0,019948975","0,018072213","0,016856416"
"3,256","0,019948975","0,018061208","0,016807712"
"3,257","0,019948975","0,018050203","0,016759009"
"3,258","0,019948975","0,018044069","0,016715175"
"3,259","0,019948975","0,018042805","0,016676212"
"3,26","0,019948975","0,018027246","0,016632378"
"3,261","0,019948975","0,018016241","0,016583675"
"3,262","0,019948975","0,018000682","0,016539841"
"3,263","0,019948975","0,017985122","0,016496008"
"3,264","0,019948975","0,017978988","0,016452174"
"3,265","0,019948975","0,017963429","0,016408341"
"3,266","0,019948975","0,01795274","0,016369377"
"3,267","0,019948975","0,017942051","0,016330414"
"3,268","0,019948975","0,017931363","0,016291451"
"3,269","0,019948975","0,017925544","0,016257358"
"3,27","0,019948975","0,017905431","0,016218395"
"3,271","0,019948975","0,017899612","0,016184303"
"3,272","0,019948975","0,017879499","0,01614534"
"3,273","0,019948975","0,017864256","0,016111247"
"3,274","0,019948975","0,017863308","0,016082024"
"3,275","0,019948975","0,017848064","0,016047932"
"3,276","0,019948975","0,017842562","0,01602358"
"3,277","0,019948975","0,017832189","0,015994357"
"3,278","0,019948975","0,017812392","0,015965135"
"3,279","0,019948975","0,017806889","0,015940783"
"3,28","0,019948975","0,017801387","0,015916431"
"3,281","0,019948975","0,017781589","0,015887209"
"3,282","0,019948975","0,017776087","0,015862857"
"3,283","0,019948975","0,01776603","0,015843375"
"3,284","0,019948975","0,017755973","0,015823894"
"3,285","0,019948975","0,017745917","0,015804412"
"3,286","0,019948975","0,01774073","0,015789801"
"3,287","0,019948975","0,017735544","0,01577519"
"3,288","0,019948975","0,017730357","0,015760579"
"3,289","0,019948975","0,017725171","0,015745968"
"3,29","0,019948975","0,01771056","0,015731356"
"3,291","0,019948975","0,017705373","0,015716745"
"3,292","0,019948975","0,017695633","0,015707005"
"3,293","0,019948975","0,017690762","0,015702134"
"3,294","0,019948975","0,017695317","0,015697264"
"3,295","0,019948975","0,017690446","0,015692393"
"3,296","0,019948975","0,017685576","0,015687523"
"3,297","0,019948975","0,017685576","0,015687523"
"3,298","0,019948975","0,017680706","0,015682653"
"3,299","0,019948975","0,017675835","0,015677782"
"3,3","0,019948975","0,017675835","0,015677782"
"3,301","0,019948975","0,01766641","0,015677782"
"3,302","0,019948975","0,01766641","0,015677782"
"3,303","0,019948975","0,01766641","0,015677782"
"3,304","0,019948975","0,017671281","0,015682653"
"3,305","0,019948975","0,017661856","0,015682653"
"3,306","0,019948975","0,017661856","0,015682653"
"3,307","0,019948975","0,017661856","0,015682653"
"3,308","0,019948975","0,017661856","0,015682653"
"3,309","0,019948975","0,017657302","0,015687523"
"3,31","0,019948975","0,017657302","0,015687523"
"3,311","0,019948975","0,017652747","0,015692393"
"3,312","0,019948975","0,017657618","0,015697264"
"3,313","0,019948975","0,017653063","0,015702134"
"3,314","0,019948975","0,017657934","0,015707005"
"3,315","0,019948975","0,017653379","0,015711875"
"3,316","0,019948975","0,017648825","0,015716745"
"3,317","0,019948975","0,017653695","0,015721616"
"3,318","0,019948975","0,017649141","0,015726486"
"3,319","0,019948975","0,017644586","0,015731356"
"3,32","0,019948975","0,017640032","0,015736227"
"3,321","0,019948975","0,017649773","0,015745968"
"3,322","0,019948975","0,017645218","0,015750838"
"3,323","0,019948975","0,017645534","0,015760579"
"3,324","0,019948975","0,01764585","0,01577032"
"3,325","0,019948975","0,017646166","0,01578006"
"3,326","0,019948975","0,017646482","0,015789801"
"3,327","0,019948975","0,017646798","0,015799542"
"3,328","0,019948975","0,01763769","0,015809283"
"3,329","0,019948975","0,017638006","0,015819023"
"3,33","0,019948975","0,017643192","0,015833635"
"3,331","0,019948975","0,017643508","0,015843375"
"3,332","0,019948975","0,01763927","0,015857987"
"3,333","0,019948975","0,017644456","0,015872598"
"3,334","0,019948975","0,017640218","0,015887209"
"3,335","0,019948975","0,017645404","0,01590182"
"3,336","0,019948975","0,01765059","0,015916431"
"3,337","0,019948975","0,017646352","0,015931042"
"3,338","0,019948975","0,017651538","0,015945654"
"3,339","0,019948975","0,0176473","0,015960265"
"3,34","0,019948975","0,017643062","0,015974876"
"3,341","0,019948975","0,017648248","0,015989487"
"3,342","0,019948975","0,01764888","0,016008969"
"3,343","0,019948975","0,017654066","0,01602358"
"3,344","0,019948975","0,017649828","0,016038191"
"3,345","0,019948975","0,017655014","0,016052802"
"3,346","0,019948975","0,017650776","0,016067413"
"3,347","0,019948975","0,017646538","0,016082024"
"3,348","0,019948975","0,017651724","0,016096636"
"3,349","0,019948975","0,017647486","0,016111247"
"3,35","0,019948975","0,017652672","0,016125858"
"3,351","0,019948975","0,017648434","0,016140469"
"3,352","0,019948975","0,01765362","0,01615508"
"3,353","0,019948975","0,017649382","0,016169691"
"3,354","0,019948975","0,017654568","0,016184303"
"3,355","0,019948975","0,01765033","0,016198914"
"3,356","0,019948975","0,017646091","0,016213525"
"3,357","0,019948975","0,017646407","0,016223266"
"3,358","0,019948975","0,017651594","0,016237877"
"3,359","0,019948975","0,017647355","0,016252488"
"3,36","0,019948975","0,017643117","0,016267099"
"3,361","0,019948975","0,017648303","0,01628171"
"3,362","0,019948975","0,017648619","0,016291451"
"3,363","0,019948975","0,017644381","0,016306062"
"3,364","0,019948975","0,017649567","0,016320674"
"3,365","0,019948975","0,017645329","0,016335285"
"3,366","0,019948975","0,017650515","0,016349896"
"3,367","0,019948975","0,017646277","0,016364507"
"3,368","0,019948975","0,017651463","0,016379118"
"3,369","0,019948975","0,017642354","0,016388859"
"3,37","0,019948975","0,017647541","0,01640347"
"3,371","0,019948975","0,017643302","0,016418081"
"3,372","0,019948975","0,017648489","0,016432692"
"3,373","0,019948975","0,01764425","0,016447304"
"3,374","0,019948975","0,017649437","0,016461915"
"3,375","0,019948975","0,017645198","0,016476526"
"3,376","0,019948975","0,017650385","0,016491137"
"3,377","0,019948975","0,017655571","0,016505748"
"3,378","0,019948975","0,017656203","0,01652523"
"3,379","0,019948975","0,01766139","0,016539841"
"3,38","0,019948975","0,017657151","0,016554452"
"3,381","0,019948975","0,017662338","0,016569063"
"3,382","0,019948975","0,017658099","0,016583675"
"3,383","0,019948975","0,017668156","0,016603156"
"3,384","0,019948975","0,017673342","0,016617767"
"3,385","0,019948975","0,017669104","0,016632378"
"3,386","0,019948975","0,01767429","0,01664699"
"3,387","0,019948975","0,017679477","0,016661601"
"3,388","0,019948975","0,017675238","0,016676212"
"3,389","0,019948975","0,017685295","0,016695693"
"3,39","0,019948975","0,017690482","0,016710305"
"3,391","0,019948975","0,017686243","0,016724916"
"3,392","0,019948975","0,01769143","0,016739527"
"3,393","0,019948975","0,017691746","0,016749268"
"3,394","0,019948975","0,017687507","0,016763879"
"3,395","0,019948975","0,017692694","0,01677849"
"3,396","0,019948975","0,01769788","0,016793101"
"3,397","0,019948975","0,017703066","0,016807712"
"3,398","0,019948975","0,017703382","0,016817453"
"3,399","0,019948975","0,017703698","0,016827194"
"3,4","0,019948975","0,017708885","0,016841805"
"3,401","0,019948975","0,017709201","0,016851546"
"3,402","0,019948975","0,017709517","0,016861287"
"3,403","0,019948975","0,017714703","0,016875898"
"3,404","0,019948975","0,017710149","0,016880768"
"3,405","0,019948975","0,017710465","0,016890509"
"3,406","0,019948975","0,017710781","0,01690025"
"3,407","0,019948975","0,017706226","0,01690512"
"3,408","0,019948975","0,017706542","0,016914861"
"3,409","0,019948975","0,017716283","0,016924602"
"3,41","0,019948975","0,017711729","0,016929472"
"3,411","0,019948975","0,017712045","0,016939213"
"3,412","0,019948975","0,017721786","0,016948954"
"3,413","0,019948975","0,017717231","0,016953824"
"3,414","0,019948975","0,017726972","0,016963565"
"3,415","0,019948975","0,017722418","0,016968435"
"3,416","0,019948975","0,017732158","0,016978176"
"3,417","0,019948975","0,017727604","0,016983046"
"3,418","0,019948975","0,017737345","0,016992787"
"3,419","0,019948975","0,017737661","0,017002528"
"3,42","0,019948975","0,017742531","0,017007398"
"3,421","0,019948975","0,017752272","0,017017139"
"3,422","0,019948975","0,017752588","0,01702688"
"3,423","0,019948975","0,017757458","0,01703175"
"3,424","0,019948975","0,017767199","0,017041491"
"3,425","0,019948975","0,01777694","0,017051232"
"3,426","0,019948975","0,017772385","0,017056102"
"3,427","0,019948975","0,017782126","0,017065843"
"3,428","0,019948975","0,017791867","0,017075584"
"3,429","0,019948975","0,017796737","0,017080454"
"3,43","0,019948975","0,017806478","0,017090195"
"3,431","0,019948975","0,017811349","0,017095065"
"3,432","0,019948975","0,017821089","0,017104806"
"3,433","0,019948975","0,01783083","0,017114547"
"3,434","0,019948975","0,0178357","0,017119417"
"3,435","0,019948975","0,017845441","0,017129158"
"3,436","0,019948975","0,017850312","0,017134029"
"3,437","0,019948975","0,017855182","0,017138899"
"3,438","0,019948975","0,017864923","0,01714864"
"3,439","0,019948975","0,017869793","0,01715351"
"3,44","0,019948975","0,017874664","0,01715838"
"3,441","0,019948975","0,017879534","0,017163251"
"3,442","0,019948975","0,017884404","0,017168121"
"3,443","0,019948975","0,017889275","0,017172992"
"3,444","0,019948975","0,017894145","0,017177862"
"3,445","0,019948975","0,017899016","0,017182732"
"3,446","0,019948975","0,017903886","0,017187603"
"3,447","0,019948975","0,017903886","0,017187603"
"3,448","0,019948975","0,017908756","0,017192473"
"3,449","0,019948975","0,017913627","0,017197344"
"3,45","0,019948975","0,017913627","0,017197344"
"3,451","0,019948975","0,017918497","0,017202214"
"3,452","0,019948975","0,017918497","0,017202214"
"3,453","0,019948975","0,017923367","0,017207084"
"3,454","0,019948975","0,017923367","0,017207084"
"3,455","0,019948975","0,017928238","0,017211955"
"3,456","0,019948975","0,017928238","0,017211955"
"3,457","0,019948975","0,017933108","0,017216825"
"3,458","0,019948975","0,017933108","0,017216825"
"3,459","0,019948975","0,017933108","0,017216825"
"3,46","0,019948975","0,017937979","0,017221696"
"3,461","0,019948975","0,017937979","0,017221696"
"3,462","0,019948975","0,017942849","0,017226566"
"3,463","0,019948975","0,017942849","0,017226566"
"3,464","0,019948975","0,017942849","0,017226566"
"3,465","0,019948975","0,017947719","0,017231436"
"3,466","0,019948975","0,017947719","0,017231436"
"3,467","0,019948975","0,01795259","0,017236307"
"3,468","0,019948975","0,01795259","0,017236307"
"3,469","0,019948975","0,01795746","0,017241177"
"3,47","0,019948975","0,01795746","0,017241177"
"3,471","0,019948975","0,017962331","0,017246047"
"3,472","0,019948975","0,017962331","0,017246047"
"3,473","0,019948975","0,017967201","0,017250918"
"3,474","0,019948975","0,017967201","0,017250918"
"3,475","0,019948975","0,017972071","0,017255788"
"3,476","0,019948975","0,017972071","0,017255788"
"3,477","0,019948975","0,017976942","0,017260659"
"3,478","0,019948975","0,017976942","0,017260659"
"3,479","0,019948975","0,017981812","0,017265529"
"3,48","0,019948975","0,017981812","0,017265529"
"3,481","0,019948975","0,017981812","0,017265529"
"3,482","0,019948975","0,017986683","0,017270399"
"3,483","0,019948975","0,017986683","0,017270399"
"3,484","0,019948975","0,017986683","0,017270399"
"3,485","0,019948975","0,017986683","0,017270399"
"3,486","0,019948975","0,017986683","0,017270399"
"3,487","0,019948975","0,017986683","0,017270399"
"3,488","0,019948975","0,017986683","0,017270399"
"3,489","0,019948975","0,017986683","0,017270399"
"3,49","0,019948975","0,017986683","0,017270399"
"3,491","0,019948975","0,017986683","0,017270399"
"3,492","0,019948975","0,017986683","0,017270399"
"3,493","0,019948975","0,017986683","0,017270399"
"3,494","0,019948975","0,017986683","0,017270399"
"3,495","0,019948975","0,017986683","0,017270399"
"3,496","0,019948975","0,017986683","0,017270399"
"3,497","0,019948975","0,017986683","0,017270399"
"3,498","0,019948975","0,017986683","0,017270399"
"3,499","0,019948975","0,017986683","0,017270399"
"3,5","0,019948975","0,017986683","0,017270399"
"3,501","0,019948975","0,017986683","0,017270399"
"3,502","0,019948975","0,017986683","0,017270399"
"3,503","0,019948975","0,017986683","0,017270399"
"3,504","0,019948975","0,017986683","0,017270399"
"3,505","0,019948975","0,017986683","0,017270399"
"3,506","0,019948975","0,017986683","0,017270399"
"3,507","0,019948975","0,017986683","0,017270399"
"3,508","0,019948975","0,017986683","0,017270399"
"3,509","0,019948975","0,017986683","0,017270399"
"3,51","0,019948975","0,017986683","0,017270399"
"3,511","0,019948975","0,017991553","0,01727527"
"3,512","0,019948975","0,017991553","0,01727527"
"3,513","0,019948975","0,017991553","0,01727527"
"3,514","0,019948975","0,017991553","0,01727527"
"3,515","0,019948975","0,017991553","0,01727527"
"3,516","0,019948975","0,017991553","0,01727527"
"3,517","0,019948975","0,017991553","0,01727527"
"3,518","0,019948975","0,017991553","0,01727527"
"3,519","0,019948975","0,017991553","0,01727527"
"3,52","0,019948975","0,017991553","0,01727527"
"3,521","0,019948975","0,017991553","0,01727527"
"3,522","0,019948975","0,017991553","0,01727527"
"3,523","0,019948975","0,017991553","0,01727527"
"3,524","0,019948975","0,017991553","0,01727527"
"3,525","0,019948975","0,017991553","0,01727527"
"3,526","0,019948975","0,017991553","0,01727527"
"3,527","0,019948975","0,017996423","0,01728014"
"3,528","0,019948975","0,017996423","0,01728014"
"3,529","0,019948975","0,017996423","0,01728014"
"3,53","0,019948975","0,017996423","0,01728014"
"3,531","0,019948975","0,017996423","0,01728014"
"3,532","0,019948975","0,017996423","0,01728014"
"3,533","0,019948975","0,017996423","0,01728014"
"3,534","0,019948975","0,017996423","0,01728014"
"3,535","0,019948975","0,017996423","0,01728014"
"3,536","0,019948975","0,017996423","0,01728014"
"3,537","0,019948975","0,017996423","0,01728014"
"3,538","0,019948975","0,017996423","0,01728014"
"3,539","0,019948975","0,017996423","0,01728014"
"3,54","0,019948975","0,017996423","0,01728014"
"3,541","0,019948975","0,017996423","0,01728014"
"3,542","0,019948975","0,017996423","0,01728014"
"3,543","0,019948975","0,017996423","0,01728014"
"3,544","0,019948975","0,017996423","0,01728014"
"3,545","0,019948975","0,017996423","0,01728014"
"3,546","0,019948975","0,017996423","0,01728014"
"3,547","0,019948975","0,017991553","0,01727527"
"3,548","0,019948975","0,017991553","0,01727527"
"3,549","0,019948975","0,017991553","0,01727527"
"3,55","0,019948975","0,017991553","0,01727527"
"3,551","0,019948975","0,017991553","0,01727527"
"3,552","0,019948975","0,017991553","0,01727527"
"3,553","0,019948975","0,017991553","0,01727527"
"3,554","0,019948975","0,017991553","0,01727527"
"3,555","0,019948975","0,017991553","0,01727527"
"3,556","0,019948975","0,017991553","0,01727527"
"3,557","0,019948975","0,017991553","0,01727527"
"3,558","0,019948975","0,017991553","0,01727527"
"3,559","0,019948975","0,017991553","0,01727527"
"3,56","0,019948975","0,017991553","0,01727527"
"3,561","0,019948975","0,017991553","0,01727527"
"3,562","0,019948975","0,017991553","0,01727527"
"3,563","0,019948975","0,017991553","0,01727527"
"3,564","0,019948975","0,017991553","0,01727527"
"3,565","0,019948975","0,017991553","0,01727527"
"3,566","0,019948975","0,017991553","0,01727527"
"3,567","0,019948975","0,017991553","0,01727527"
"3,568","0,019948975","0,017991553","0,01727527"
"3,569","0,019948975","0,017991553","0,01727527"
"3,57","0,019948975","0,017991553","0,01727527"
"3,571","0,019948975","0,017991553","0,01727527"
"3,572","0,019948975","0,017991553","0,01727527"
"3,573","0,019948975","0,017991553","0,01727527"
"3,574","0,019948975","0,017991553","0,01727527"
"3,575","0,019948975","0,017991553","0,01727527"
"3,576","0,019948975","0,017991553","0,01727527"
"3,577","0,019948975","0,017991553","0,01727527"
"3,578","0,019948975","0,017991553","0,01727527"
"3,579","0,019948975","0,017991553","0,01727527"
"3,58","0,019948975","0,017991553","0,01727527"
"3,581","0,019948975","0,017991553","0,01727527"
"3,582","0,019948975","0,017991553","0,01727527"
"3,583","0,019948975","0,017991553","0,01727527"
"3,584","0,019948975","0,017991553","0,01727527"
"3,585","0,019948975","0,017991553","0,01727527"
"3,586","0,019948975","0,017991553","0,01727527"
"3,587","0,019948975","0,017991553","0,01727527"
"3,588","0,019948975","0,017991553","0,01727527"
"3,589","0,019948975","0,017991553","0,01727527"
"3,59","0,019948975","0,017991553","0,01727527"
"3,591","0,019948975","0,017991553","0,01727527"
"3,592","0,019948975","0,017991553","0,01727527"
"3,593","0,019948975","0,017991553","0,01727527"
"3,594","0,019948975","0,017991553","0,01727527"
"3,595","0,019948975","0,017991553","0,01727527"
"3,596","0,019948975","0,017991553","0,01727527"
"3,597","0,019948975","0,017991553","0,01727527"
"3,598","0,019948975","0,017991553","0,01727527"
"3,599","0,019948975","0,017991553","0,01727527"
"3,6","0,019948975","0,017991553","0,01727527"
"3,601","0,019948975","0,017991553","0,01727527"
"3,602","0,019948975","0,017991553","0,01727527"
"3,603","0,019948975","0,017991553","0,01727527"
"3,604","0,019948975","0,017991553","0,01727527"
"3,605","0,01994458","0,017991553","0,01727527"
"3,606","0,019940186","0,017991553","0,01727527"
"3,607","0,019927002","0,017991553","0,01727527"
"3,608","0,019905029","0,017991553","0,01727527"
"3,609","0,019869873","0,017991553","0,01727527"
"3,61","0,019817139","0,017986683","0,017270399"
"3,611","0,019749023","0,017986683","0,017270399"
"3,612","0,019656738","0,017981812","0,017265529"
"3,613","0,019544678","0,017981812","0,017265529"
"3,614","0,019412842","0,017976942","0,017260659"
"3,615","0,019263428","0,017972071","0,017255788"
"3,616","0,019103027","0,017967201","0,017250918"
"3,617","0,018938232","0,01795746","0,017241177"
"3,618","0,018764648","0,017942849","0,017226566"
"3,619","0,018577881","0,017928238","0,017211955"
"3,62","0,018375732","0,017918497","0,017202214"
"3,621","0,018162598","0,017908756","0,017192473"
"3,622","0,017940674","0,017899332","0,017192473"
"3,623","0,017714355","0,017880166","0,017182732"
"3,624","0,01748584","0,017861","0,017172992"
"3,625","0,017259521","0,017836964","0,01715838"
"3,626","0,017037598","0,017813245","0,01715351"
"3,627","0,016820068","0,017794395","0,01715351"
"3,628","0,016611328","0,017790157","0,017168121"
"3,629","0,016406982","0,017785918","0,017182732"
"3,63","0,016209229","0,017767385","0,017192473"
"3,631","0,016013672","0,017729686","0,017192473"
"3,632","0,015820313","0,017691986","0,017192473"
"3,633","0,015626953","0,017664028","0,017202214"
"3,634","0,015431396","0,017636386","0,017221696"
"3,635","0,015238037","0,017609059","0,017250918"
"3,636","0,015040283","0,017581733","0,01728014"
"3,637","0,014844727","0,017544666","0,017299622"
"3,638","0,014646973","0,017488433","0,017309363"
"3,639","0,014449219","0,017417905","0,017314233"
"3,64","0,014251465","0,017337953","0,017319103"
"3,641","0,014053711","0,017258","0,017323974"
"3,642","0,013860352","0,017173493","0,017333714"
"3,643","0,013669189","0,017079245","0,017333714"
"3,644","0,013482422","0,016975573","0,017333714"
"3,645","0,013297852","0,01686216","0,017323974"
"3,646","0,013111084","0,016734767","0,017319103"
"3,647","0,012922119","0,016607375","0,017314233"
"3,648","0,012730957","0,016479982","0,017309363"
"3,649","0,012533203","0,016333424","0,017294751"
"3,65","0,012335449","0,016163146","0,01727527"
"3,651","0,012133301","0,015987682","0,017241177"
"3,652","0,011928955","0,015807347","0,017202214"
"3,653","0,011726807","0,015608162","0,017163251"
"3,654","0,011529053","0,015413849","0,017129158"
"3,655","0,011331299","0,01521498","0,017099936"
"3,656","0,011135742","0,015011241","0,017065843"
"3,657","0,010937988","0,014788337","0,01702201"
"3,658","0,010740234","0,014555692","0,016968435"
"3,659","0,010538086","0,014313622","0,016914861"
"3,66","0,010338135","0,014071552","0,016861287"
"3,661","0,010135986","0,013834353","0,016812583"
"3,662","0,009938232","0,013587729","0,016763879"
"3,663","0,009742676","0,01333655","0,016720045"
"3,664","0,009551514","0,013094796","0,016676212"
"3,665","0,009360352","0,012843302","0,016622638"
"3,666","0,009166992","0,012582382","0,016569063"
"3,667","0,008971436","0,012321463","0,016515489"
"3,668","0,008775879","0,012055989","0,016466785"
"3,669","0,008578125","0,01179507","0,016413211"
"3,67","0,008382568","0,011524726","0,016359637"
"3,671","0,008187012","0,011249511","0,016301192"
"3,672","0,007989258","0,010984037","0,016252488"
"3,673","0,007793701","0,010723434","0,016208655"
"3,674","0,007595947","0,010477126","0,016169691"
"3,675","0,007395996","0,010230817","0,016130728"
"3,676","0,007196045","0,009965344","0,016082024"
"3,677","0,006991699","0,009690129","0,01602358"
"3,678","0,006789551","0,009419469","0,015960265"
"3,679","0,006585205","0,009158233","0,01589695"
"3,68","0,006383057","0,008906739","0,015843375"
"3,681","0,006180908","0,008660431","0,015804412"
"3,682","0,005976563","0,008418677","0,015760579"
"3,683","0,005774414","0,008167182","0,015707005"
"3,684","0,005570068","0,007920242","0,01564856"
"3,685","0,00536792","0,007658691","0,015575504"
"3,686","0,005165771","0,007406564","0,015502448"
"3,687","0,004963623","0,007145013","0,015429392"
"3,688","0,004761475","0,00689744","0,015351466"
"3,689","0,004561523","0,006654738","0,01527841"
"3,69","0,004361572","0,006411721","0,015195614"
"3,691","0,004161621","0,006168703","0,015112817"
"3,692","0,00396167","0,005925369","0,01502028"
"3,693","0,003761719","0,005682035","0,014927742"
"3,694","0,003561768","0,00544781","0,014825464"
"3,695","0,003364014","0,005208715","0,014718316"
"3,696","0,003164063","0,004955008","0,014596556"
"3,697","0,002964111","0,004705856","0,014469926"
"3,698","0,00276416","0,004475553","0,014343296"
"3,699","0,002566406","0,00424038","0,014211795"
"3,7","0,002366455","0,004009761","0,014075424"
"3,701","0,002168701","0,003788567","0,013939053"
"3,702","0,00196875","0,003562503","0,013797812"
"3,703","0,001768799","0,003331253","0,01364196"
"3,704","0,001573242","0,003113981","0,013481237"
"3,705","0,001379883","0,002896709","0,013320514"
"3,706","0,001190918","0,002688863","0,013159791"
"3,707","0,001008545","0,002476146","0,012994198"
"3,708","0,000837158","0,002282278","0,012828605"
"3,709","0,000678955","0,002092965","0,012658141"
"3,71","0,000533936","0,001913077","0,012487677"
"3,711","0,000408691","0,001742613","0,012317214"
"3,712","0,000298828","0,00158189","0,012156491"
"3,713","0,00020874","0,001435146","0,011990898"
"3,714","0,000138428","0,001283532","0,011820434"
"3,715","8,79E-05","0,001141343","0,01164997"
"3,716","5,71E-05","0,001003708","0,011474636"
"3,717","3,96E-05","0,000880368","0,011304173"
"3,718","3,30E-05","0,000766454","0,011133709"
"3,719","3,30E-05","0,000666834","0,010968116"
"3,72","3,96E-05","0,000581509","0,010807393"
"3,721","4,61E-05","0,000505609","0,01064667"
"3,722","5,49E-05","0,000434264","0,010481077"
"3,723","6,15E-05","0,000367473","0,010310614"
"3,724","6,81E-05","0,000286071","0,010125539"
"3,725","7,03E-05","0,000199482","0,009925853"
"3,726","6,81E-05","0,000122318","0,009726167"
"3,727","6,37E-05","6,40E-05","0,009526481"
"3,728","6,15E-05","2,97E-05","0,009341406"
"3,729","6,15E-05","1,53E-09","0,009151461"
"3,73","6,59E-05","-3,95E-05","0,008951775"
"3,731","6,59E-05","-7,47E-05","0,008737478"
"3,732","6,59E-05","-0,000119657","0,00851344"
"3,733","6,37E-05","-0,000160069","0,008284532"
"3,734","6,37E-05","-0,000186503","0,008050753"
"3,735","6,37E-05","-0,000222361","0,007816974"
"3,736","6,59E-05","-0,00023937","0,007583196"
"3,737","6,59E-05","-0,000246954","0,007349417"
"3,738","6,37E-05","-0,000249984","0,007110768"
"3,739","6,37E-05","-0,000253013","0,006872119"
"3,74","6,37E-05","-0,000236877","0,006643211"
"3,741","6,59E-05","-0,000211317","0,006414302"
"3,742","6,59E-05","-0,000190942","0,006170783"
"3,743","6,37E-05","-0,000175754","0,005912652"
"3,744","6,37E-05","-0,000160882","0,005644781"
"3,745","6,37E-05","-0,000150565","0,00538178"
"3,746","6,37E-05","-0,000121082","0,00512852"
"3,747","6,37E-05","-8,19E-05","0,004885"
"3,748","6,37E-05","-2,35E-05","0,004651221"
"3,749","6,37E-05","2,97E-05","0,004402832"
"3,75","6,37E-05","7,32E-05","0,004144701"
"3,751","6,37E-05","0,000111789","0,0038817"
"3,752","6,37E-05","0,000159806","0,003618699"
"3,753","6,37E-05","0,000203268","0,003360568"
"3,754","6,37E-05","0,000261025","0,003107308"
"3,755","6,37E-05","0,000318783","0,002854048"
"3,756","6,37E-05","0,000386281","0,002610529"
"3,757","6,37E-05","0,000463204","0,002367009"
"3,758","6,37E-05","0,000535573","0,00212836"
"3,759","6,37E-05","0,000617366","0,001889711"
"3,76","6,37E-05","0,000689735","0,001651062"
"3,761","6,37E-05","0,000766658","0,001407542"
"3,762","6,37E-05","0,000834156","0,001164023"
"3,763","6,37E-05","0,000901654","0,000920504"
"3,764","6,37E-05","0,000959727","0,000676984"
"3,765","6,37E-05","0,001032096","0,000438335"
"3,766","6,37E-05","0,00109991","0,000204556"
"3,767","6,37E-05","0,00116804","-1,95E-05"
"3,768","6,37E-05","0,001240725","-0,00024839"
"3,769","6,37E-05","0,00128969","-0,000482169"
"3,77","6,37E-05","0,001338654","-0,000715947"
"3,771","6,37E-05","0,001377878","-0,000959467"
"3,772","6,37E-05","0,001417418","-0,001193245"
"3,773","6,37E-05","0,001452088","-0,001431894"
"3,774","6,37E-05","0,001477332","-0,001670543"
"3,775","6,37E-05","0,001498023","-0,001904322"
"3,776","6,37E-05","0,001518713","-0,002138101"
"3,777","6,37E-05","0,001529979","-0,002371879"
"3,778","6,37E-05","0,00153669","-0,002600788"
"3,779","6,37E-05","0,001533976","-0,002829696"
"3,78","6,37E-05","0,001531263","-0,003058604"
"3,781","6,37E-05","0,001514254","-0,003292383"
"3,782","6,37E-05","0,00148295","-0,003531032"
"3,783","6,37E-05","0,001437351","-0,003774551"
"3,784","6,37E-05","0,001382327","-0,004018071"
"3,785","6,37E-05","0,001317878","-0,00426159"
"3,786","6,37E-05","0,00126317","-0,004495369"
"3,787","6,37E-05","0,001208778","-0,004719407"
"3,788","6,37E-05","0,001149832","-0,004938574"
"3,789","6,37E-05","0,001086331","-0,005152872"
"3,79","6,37E-05","0,001003665","-0,005376909"
"3,791","6,37E-05","0,000911574","-0,005600947"
"3,792","6,37E-05","0,000819483","-0,005824985"
"3,793","6,37E-05","0,000708543","-0,006049023"
"3,794","6,37E-05","0,000602472","-0,006268191"
"3,795","6,37E-05","0,000491848","-0,006482488"
"3,796","6,37E-05","0,000381539","-0,006687044"
"3,797","6,37E-05","0,000271547","-0,00688186"
"3,798","6,37E-05","0,000161554","-0,007076675"
"3,799","6,37E-05","4,25E-05","-0,00726175"
"3,8","6,37E-05","-8,15E-05","-0,007451695"
"3,801","6,37E-05","-0,000210045","-0,00763677"
"3,802","6,37E-05","-0,000357421","-0,007821845"
"3,803","6,37E-05","-0,000495371","-0,00800692"
"3,804","6,37E-05","-0,000647302","-0,008187124"
"3,805","6,37E-05","-0,000789807","-0,008367328"
"3,806","6,37E-05","-0,000941421","-0,008537792"
"3,807","6,37E-05","-0,001078424","-0,008693644"
"3,808","6,37E-05","-0,001215111","-0,008839756"
"3,809","6,37E-05","-0,001361222","-0,008985868"
"3,81","6,37E-05","-0,001507334","-0,009131979"
"3,811","6,37E-05","-0,001658316","-0,009282961"
"3,812","6,37E-05","-0,001813853","-0,009429073"
"3,813","6,37E-05","-0,001983684","-0,009580055"
"3,814","6,37E-05","-0,002138905","-0,009716426"
"3,815","6,37E-05","-0,002294125","-0,009852797"
"3,816","6,37E-05","-0,002439605","-0,009979427"
"3,817","6,37E-05","-0,002589639","-0,010101187"
"3,818","6,37E-05","-0,002739673","-0,010222947"
"3,819","6,37E-05","-0,002894577","-0,010349577"
"3,82","6,37E-05","-0,003044611","-0,010471336"
"3,821","6,15E-05","-0,003208941","-0,010597966"
"3,822","6,15E-05","-0,003368399","-0,010719726"
"3,823","6,15E-05","-0,003518433","-0,010841486"
"3,824","6,15E-05","-0,003682447","-0,010958375"
"3,825","5,93E-05","-0,00382761","-0,011075265"
"3,826","5,93E-05","-0,003977328","-0,011187284"
"3,827","5,93E-05","-0,004122176","-0,011294432"
"3,828","5,71E-05","-0,004257599","-0,011401581"
"3,829","5,71E-05","-0,004397576","-0,011503859"
"3,83","5,49E-05","-0,004537554","-0,011606137"
"3,831","5,49E-05","-0,004672976","-0,011713286"
"3,832","5,27E-05","-0,004803529","-0,011815564"
"3,833","5,27E-05","-0,004934081","-0,011917842"
"3,834","5,05E-05","-0,005059764","-0,01201525"
"3,835","5,05E-05","-0,00516628","-0,012102917"
"3,836","5,05E-05","-0,005272797","-0,012190584"
"3,837","4,83E-05","-0,005369572","-0,01226851"
"3,838","4,83E-05","-0,005466348","-0,012346436"
"3,839","4,61E-05","-0,005553699","-0,012424362"
"3,84","4,61E-05","-0,005636496","-0,012507159"
"3,841","4,61E-05","-0,005718976","-0,012580215"
"3,842","4,61E-05","-0,005792032","-0,012653271"
"3,843","4,39E-05","-0,005855347","-0,012716586"
"3,844","4,39E-05","-0,005904367","-0,01277503"
"3,845","4,39E-05","-0,005957941","-0,012828605"
"3,846","4,39E-05","-0,005987796","-0,012877309"
"3,847","4,39E-05","-0,00601278","-0,012921142"
"3,848","4,39E-05","-0,006032893","-0,012960105"
"3,849","4,39E-05","-0,006048136","-0,012994198"
"3,85","4,39E-05","-0,006053955","-0,013028291"
"3,851","4,39E-05","-0,006059773","-0,013062383"
"3,852","4,39E-05","-0,006060721","-0,013091606"
"3,853","4,39E-05","-0,006042504","-0,013111087"
"3,854","4,39E-05","-0,006024286","-0,013130569"
"3,855","4,17E-05","-0,005996328","-0,01314031"
"3,856","4,17E-05","-0,005963499","-0,01314518"
"3,857","4,17E-05","-0,005921246","-0,01315005"
"3,858","4,17E-05","-0,005869251","-0,01314518"
"3,859","4,17E-05","-0,005831552","-0,01314518"
"3,86","4,17E-05","-0,005770133","-0,01314031"
"3,861","4,17E-05","-0,005718139","-0,013135439"
"3,862","4,17E-05","-0,005661274","-0,013125698"
"3,863","4,17E-05","-0,005594985","-0,013115958"
"3,864","4,17E-05","-0,005523825","-0,013101346"
"3,865","4,17E-05","-0,005447795","-0,013081865"
"3,866","4,17E-05","-0,005376319","-0,013057513"
"3,867","4,17E-05","-0,005290548","-0,013028291"
"3,868","4,17E-05","-0,005200222","-0,013003939"
"3,869","4,17E-05","-0,005109581","-0,012969846"
"3,87","4,17E-05","-0,00502381","-0,012940624"
"3,871","4,17E-05","-0,004933169","-0,012906531"
"3,872","4,17E-05","-0,004842527","-0,012872438"
"3,873","4,17E-05","-0,004747016","-0,012833475"
"3,874","4,17E-05","-0,004646633","-0,012789642"
"3,875","4,17E-05","-0,004546251","-0,012745808"
"3,876","4,17E-05","-0,004450423","-0,012697104"
"3,877","4,17E-05","-0,004345171","-0,0126484"
"3,878","4,17E-05","-0,004244473","-0,012594826"
"3,879","3,96E-05","-0,004143775","-0,012541252"
"3,88","3,96E-05","-0,004038206","-0,012482807"
"3,881","3,96E-05","-0,003932637","-0,012424362"
"3,882","3,96E-05","-0,003826753","-0,012356177"
"3,883","3,96E-05","-0,003725739","-0,012292862"
"3,884","3,96E-05","-0,003624409","-0,012219806"
"3,885","3,96E-05","-0,003513654","-0,01214675"
"3,886","3,96E-05","-0,003402583","-0,012063954"
"3,887","3,96E-05","-0,003300936","-0,011981157"
"3,888","3,96E-05","-0,00319442","-0,01189349"
"3,889","3,96E-05","-0,003087903","-0,011805823"
"3,89","3,96E-05","-0,002985941","-0,011713286"
"3,891","3,96E-05","-0,002879109","-0,011615878"
"3,892","3,96E-05","-0,00277683","-0,0115136"
"3,893","3,96E-05","-0,002679107","-0,011406451"
"3,894","3,96E-05","-0,002571958","-0,011299302"
"3,895","3,96E-05","-0,002464494","-0,011182413"
"3,896","3,96E-05","-0,002366454","-0,011065524"
"3,897","3,96E-05","-0,002263544","-0,010943764"
"3,898","3,96E-05","-0,002170058","-0,010822004"
"3,899","3,96E-05","-0,002076573","-0,010700245"
"3,9","3,96E-05","-0,001982771","-0,010568744"
"3,901","3,96E-05","-0,00188897","-0,010437244"
"3,902","3,96E-05","-0,001799723","-0,010300873"
"3,903","3,96E-05","-0,001700735","-0,010154761"
"3,904","3,96E-05","-0,001616043","-0,01001352"
"3,905","3,96E-05","-0,001531034","-0,009862538"
"3,906","3,96E-05","-0,001450896","-0,009716426"
"3,907","3,96E-05","-0,001380182","-0,009570314"
"3,908","3,96E-05","-0,001304599","-0,009419332"
"3,909","4,17E-05","-0,001233569","-0,00926348"
"3,91","4,17E-05","-0,001167094","-0,009102757"
"3,911","4,17E-05","-0,001100619","-0,008942034"
"3,912","4,17E-05","-0,001043569","-0,008781311"
"3,913","4,17E-05","-0,000981648","-0,008615718"
"3,914","4,17E-05","-0,000929152","-0,008450125"
"3,915","4,17E-05","-0,000886081","-0,008284532"
"3,916","4,17E-05","-0,00084301","-0,008118938"
"3,917","4,17E-05","-0,000809364","-0,007953345"
"3,918","4,17E-05","-0,000770847","-0,007782882"
"3,919","4,17E-05","-0,000741755","-0,007612418"
"3,92","4,17E-05","-0,000722088","-0,007441954"
"3,921","4,17E-05","-0,00069755","-0,00726662"
"3,922","4,17E-05","-0,000673013","-0,007091286"
"3,923","4,17E-05","-0,000653029","-0,006911082"
"3,924","4,17E-05","-0,000647341","-0,006735748"
"3,925","4,17E-05","-0,000636783","-0,006555544"
"3,926","4,17E-05","-0,000626225","-0,006375339"
"3,927","4,17E-05","-0,000625091","-0,006195135"
"3,928","4,17E-05","-0,000623957","-0,00601493"
"3,929","4,17E-05","-0,000627378","-0,005829856"
"3,93","4,17E-05","-0,000630799","-0,005644781"
"3,931","4,17E-05","-0,000638774","-0,005454836"
"3,932","4,17E-05","-0,000641879","-0,00526002"
"3,933","4,17E-05","-0,000635559","-0,005065205"
"3,934","4,17E-05","-0,000648088","-0,004870389"
"3,935","4,17E-05","-0,000651193","-0,004675573"
"3,936","4,17E-05","-0,000663723","-0,004480758"
"3,937","4,17E-05","-0,000676252","-0,004285942"
"3,938","4,17E-05","-0,000693652","-0,004095997"
"3,939","4,17E-05","-0,000706182","-0,003901182"
"3,94","4,17E-05","-0,000713841","-0,003701496"
"3,941","4,17E-05","-0,00071663","-0,003496939"
"3,942","4,17E-05","-0,000723973","-0,003287513"
"3,943","4,17E-05","-0,000717021","-0,003073215"
"3,944","4,17E-05","-0,000719494","-0,002858918"
"3,945","4,17E-05","-0,000712542","-0,002644621"
"3,946","4,17E-05","-0,000719885","-0,002435195"
"3,947","4,17E-05","-0,000722674","-0,002230638"
"3,948","4,17E-05","-0,000725462","-0,002026082"
"3,949","4,17E-05","-0,000737676","-0,001821525"
"3,95","4,17E-05","-0,000735594","-0,001612099"
"3,951","4,39E-05","-0,000733513","-0,001402672"
"3,952","4,39E-05","-0,00072169","-0,001183505"
"3,953","4,39E-05","-0,000709868","-0,000964337"
"3,954","4,39E-05","-0,000688621","-0,00074517"
"3,955","4,39E-05","-0,000677114","-0,000535743"
"3,956","4,39E-05","-0,000679903","-0,000331186"
"3,957","4,39E-05","-0,000673267","-0,00012663"
"3,958","4,39E-05","-0,000666947","6,82E-05"
"3,959","4,39E-05","-0,000665182","0,000267871"
"3,96","4,39E-05","-0,000649121","0,000472428"
"3,961","4,39E-05","-0,00063306","0,000676984"
"3,962","4,39E-05","-0,000607575","0,00088154"
"3,963","4,39E-05","-0,000577219","0,001090967"
"3,964","4,39E-05","-0,000551733","0,001295523"
"3,965","4,39E-05","-0,000535988","0,001490339"
"3,966","4,39E-05","-0,000510819","0,001685155"
"3,967","4,39E-05","-0,00049052","0,0018751"
"3,968","4,39E-05","-0,000460796","0,002065045"
"3,969","4,39E-05","-0,000426201","0,00225986"
"3,97","4,39E-05","-0,000382182","0,002454676"
"3,971","4,39E-05","-0,000343033","0,002644621"
"3,972","4,39E-05","-0,000299014","0,002839437"
"3,973","4,39E-05","-0,000250441","0,003029382"
"3,974","4,39E-05","-0,000201867","0,003219327"
"3,975","4,39E-05","-0,000163035","0,003399532"
"3,976","4,39E-05","-0,000114777","0,003579736"
"3,977","4,39E-05","-6,20E-05","0,00375507"
"3,978","4,39E-05","-9,15E-06","0,003930404"
"3,979","4,39E-05","5,80E-05","0,004110608"
"3,98","4,39E-05","0,000125061","0,004290813"
"3,981","4,39E-05","0,000192168","0,004471017"
"3,982","4,39E-05","0,000263829","0,004646351"
"3,983","4,39E-05","0,000340361","0,004826556"
"3,984","4,39E-05","0,000416577","0,004997019"
"3,985","4,39E-05","0,000492793","0,005167483"
"3,986","4,39E-05","0,000583304","0,005342817"
"3,987","4,39E-05","0,000668944","0,00551328"
"3,988","4,39E-05","0,00076401","0,005683744"
"3,989","4,39E-05","0,000859075","0,005854208"
"3,99","4,39E-05","0,000954141","0,006024671"
"3,991","4,39E-05","0,00105376","0,006190264"
"3,992","4,61E-05","0,00115338","0,006355858"
"3,993","4,61E-05","0,001252684","0,00651171"
"3,994","4,61E-05","0,001356858","0,006672433"
"3,995","4,61E-05","0,001456162","0,006828285"
"3,996","4,61E-05","0,00156002","0,006979267"
"3,997","4,61E-05","0,001668749","0,00713512"
"3,998","4,61E-05","0,001777477","0,007290972"
"3,999","4,61E-05","0,00189076","0,007441954"
4,"4,61E-05","0,001999173","0,007588066"
"4,001","4,61E-05","0,00211701","0,007734178"
"4,002","4,61E-05","0,002220552","0,007875419"
"4,003","4,61E-05","0,002323778","0,00800692"
"4,004","4,61E-05","0,002431875","0,00814329"
"4,005","4,61E-05","0,002539656","0,008269921"
"4,006","4,61E-05","0,002642882","0,008401421"
"4,007","4,83E-05","0,002750662","0,008528051"
"4,008","4,83E-05","0,002858443","0,008654681"
"4,009","4,83E-05","0,002961353","0,008776441"
"4,01","4,83E-05","0,003064263","0,008898201"
"4,011","4,83E-05","0,003171728","0,00901509"
"4,012","4,83E-05","0,003264897","0,009127109"
"4,013","4,83E-05","0,003367491","0,009239128"
"4,014","4,83E-05","0,00345579","0,009346276"
"4,015","4,83E-05","0,003548644","0,009448555"
"4,016","4,83E-05","0,003641497","0,009550833"
"4,017","4,83E-05","0,003720055","0,009648241"
"4,018","4,83E-05","0,003808038","0,009745648"
"4,019","4,83E-05","0,003891151","0,009838186"
"4,02","4,83E-05","0,003964839","0,009930723"
"4,021","5,05E-05","0,004043081","0,01001839"
"4,022","5,05E-05","0,004107028","0,010101187"
"4,023","5,05E-05","0,00418527","0,010188854"
"4,024","5,05E-05","0,004244347","0,01026678"
"4,025","5,05E-05","0,004312848","0,010344706"
"4,026","5,05E-05","0,004367055","0,010417762"
"4,027","5,05E-05","0,004421261","0,010490818"
"4,028","5,05E-05","0,004475467","0,010563874"
"4,029","5,05E-05","0,004524803","0,010632059"
"4,03","5,27E-05","0,004574139","0,010700245"
"4,031","5,27E-05","0,004623475","0,01076843"
"4,032","5,27E-05","0,004658516","0,010831745"
"4,033","5,27E-05","0,004702981","0,01089506"
"4,034","5,27E-05","0,004733151","0,010953505"
"4,035","5,27E-05","0,004758451","0,011007079"
"4,036","5,27E-05","0,004783751","0,011060653"
"4,037","5,27E-05","0,004804181","0,011109357"
"4,038","5,27E-05","0,00482461","0,011158061"
"4,039","5,27E-05","0,00484504","0,011206765"
"4,04","5,49E-05","0,004851174","0,011250599"
"4,041","5,49E-05","0,004866734","0,011294432"
"4,042","5,49E-05","0,004867998","0,011333395"
"4,043","5,49E-05","0,004864391","0,011367488"
"4,044","5,49E-05","0,004860785","0,011401581"
"4,045","5,49E-05","0,004852308","0,011430803"
"4,046","5,49E-05","0,004838961","0,011455155"
"4,047","5,49E-05","0,004820743","0,011474636"
"4,048","5,49E-05","0,004802526","0,011494118"
"4,049","5,49E-05","0,004774883","0,0115136"
"4,05","5,49E-05","0,004751795","0,011528211"
"4,051","5,49E-05","0,004723837","0,011537952"
"4,052","5,49E-05","0,004686454","0,011547692"
"4,053","5,49E-05","0,004653625","0,011552563"
"4,054","5,49E-05","0,004606501","0,011552563"
"4,055","5,49E-05","0,004563932","0,011547692"
"4,056","5,49E-05","0,004511938","0,011542822"
"4,057","5,49E-05","0,004464498","0,011533081"
"4,058","5,49E-05","0,004412187","0,01151847"
"4,059","5,49E-05","0,004359877","0,011503859"
"4,06","5,49E-05","0,004302696","0,011484377"
"4,061","5,49E-05","0,004231221","0,011460025"
"4,062","5,49E-05","0,00416917","0,011435673"
"4,063","5,49E-05","0,004097378","0,011401581"
"4,064","5,49E-05","0,004039881","0,011372358"
"4,065","5,49E-05","0,003963219","0,011333395"
"4,066","5,49E-05","0,003895981","0,011294432"
"4,067","5,49E-05","0,003814449","0,011250599"
"4,068","5,49E-05","0,003742341","0,011206765"
"4,069","5,49E-05","0,003665363","0,011158061"
"4,07","5,49E-05","0,003597809","0,011109357"
"4,071","5,49E-05","0,003520831","0,011060653"
"4,072","5,49E-05","0,003448407","0,011007079"
"4,073","5,49E-05","0,003371113","0,010948634"
"4,074","5,49E-05","0,003293819","0,01089019"
"4,075","5,49E-05","0,003221079","0,010826875"
"4,076","5,49E-05","0,003148339","0,01076356"
"4,077","5,49E-05","0,003080154","0,010695374"
"4,078","5,49E-05","0,002997673","0,010622318"
"4,079","5,49E-05","0,002924617","0,010549263"
"4,08","5,49E-05","0,002860986","0,010476207"
"4,081","5,49E-05","0,00278306","0,010398281"
"4,082","5,49E-05","0,002714558","0,010320354"
"4,083","5,49E-05","0,002655482","0,010242428"
"4,084","5,71E-05","0,002586664","0,010154761"
"4,085","5,71E-05","0,002522717","0,010071964"
"4,086","5,71E-05","0,0024539","0,009984297"
"4,087","5,71E-05","0,002389637","0,00989176"
"4,088","5,71E-05","0,002325374","0,009799223"
"4,089","5,71E-05","0,002270535","0,009706685"
"4,09","5,71E-05","0,002210827","0,009609278"
"4,091","5,71E-05","0,002160543","0,00951187"
"4,092","5,71E-05","0,002100518","0,009404721"
"4,093","5,71E-05","0,002045364","0,009302443"
"4,094","5,71E-05","0,001994764","0,009195294"
"4,095","5,71E-05","0,001939294","0,009083275"
"4,096","5,71E-05","0,001883824","0,008971257"
"4,097","5,71E-05","0,001842332","0,008854367"
"4,098","5,71E-05","0,001791417","0,008737478"
"4,099","5,71E-05","0,001749925","0,008620589"
"4,1","5,71E-05","0,001703564","0,008498829"
"4,101","5,71E-05","0,001661757","0,008372199"
"4,102","5,71E-05","0,001615079","0,008240698"
"4,103","5,71E-05","0,001577827","0,008109198"
"4,104","5,71E-05","0,001531149","0,007977697"
"4,105","5,71E-05","0,001498451","0,007841326"
"4,106","5,71E-05","0,001470623","0,007709826"
"4,107","5,71E-05","0,001442795","0,007578325"
"4,108","5,71E-05","0,001414651","0,007437084"
"4,109","5,71E-05","0,001381637","0,007290972"
"4,11","5,71E-05","0,001348622","0,007144861"
"4,111","5,71E-05","0,001325033","0,006998749"
"4,112","5,71E-05","0,001301443","0,006852637"
"4,113","5,71E-05","0,001287278","0,006706526"
"4,114","5,71E-05","0,001273114","0,006560414"
"4,115","5,71E-05","0,001254078","0,006409432"
"4,116","5,71E-05","0,001239598","0,006253579"
"4,117","5,71E-05","0,001229987","0,006102597"
"4,118","5,71E-05","0,001215506","0,005946745"
"4,119","5,71E-05","0,00120558","0,005786022"
"4,12","5,71E-05","0,001191099","0,00563017"
"4,121","5,71E-05","0,001176302","0,005464576"
"4,122","5,71E-05","0,001175801","0,005303854"
"4,123","5,71E-05","0,001165874","0,005143131"
"4,124","5,71E-05","0,001165373","0,004982408"
"4,125","5,71E-05","0,001169742","0,004826556"
"4,126","5,71E-05","0,00116924","0,004665833"
"4,127","5,71E-05","0,001168738","0,00450511"
"4,128","5,71E-05","0,001163366","0,004339517"
"4,129","5,71E-05","0,001167419","0,004173923"
"4,13","5,71E-05","0,001166602","0,00400346"
"4,131","5,71E-05","0,00116123","0,003837867"
"4,132","5,71E-05","0,001170153","0,003677144"
"4,133","5,71E-05","0,001174206","0,00351155"
"4,134","5,71E-05","0,001178258","0,003345957"
"4,135","5,71E-05","0,001182311","0,003180364"
"4,136","5,71E-05","0,001186364","0,003014771"
"4,137","5,71E-05","0,001190417","0,002849178"
"4,138","5,71E-05","0,001189599","0,002678714"
"4,139","5,71E-05","0,001179357","0,00250825"
"4,14","5,71E-05","0,001178539","0,002337787"
"4,141","5,71E-05","0,001182592","0,002172193"
"4,142","5,71E-05","0,001172349","0,00200173"
"4,143","5,71E-05","0,001171532","0,001831266"
"4,144","5,71E-05","0,001161289","0,001660803"
"4,145","5,71E-05","0,001151047","0,001490339"
"4,146","5,71E-05","0,001145359","0,001315005"
"4,147","5,71E-05","0,001120821","0,001139671"
"4,148","5,71E-05","0,001110579","0,000969207"
"4,149","5,71E-05","0,001090912","0,000798744"
"4,15","5,71E-05","0,001076115","0,000633151"
"4,151","5,71E-05","0,001061318","0,000467557"
"4,152","5,71E-05","0,001046522","0,000301964"
"4,153","5,71E-05","0,001031725","0,000136371"
"4,154","5,71E-05","0,001002633","-3,41E-05"
"4,155","5,71E-05","0,000973541","-0,000204556"
"4,156","5,71E-05","0,000930154","-0,00037989"
"4,157","5,71E-05","0,000891637","-0,000550354"
"4,158","5,71E-05","0,00084825","-0,000725688"
"4,159","5,71E-05","0,000814604","-0,000891281"
"4,16","5,71E-05","0,000771533","-0,001056874"
"4,161","5,71E-05","0,000733332","-0,001217597"
"4,162","5,71E-05","0,000690577","-0,00137345"
"4,163","5,71E-05","0,000642951","-0,001534173"
"4,164","5,71E-05","0,000600196","-0,001690025"
"4,165","5,71E-05","0,000552571","-0,001850748"
"4,166","5,71E-05","0,00049065","-0,002016341"
"4,167","5,71E-05","0,000419304","-0,002181934"
"4,168","5,71E-05","0,000357384","-0,002347527"
"4,169","5,71E-05","0,000286354","-0,00250338"
"4,17","5,71E-05","0,00022962","-0,002654362"
"4,171","5,71E-05","0,000168331","-0,002800474"
"4,172","5,71E-05","0,000111913","-0,002941715"
"4,173","5,71E-05","4,12E-05","-0,003087827"
"4,174","5,71E-05","-2,46E-05","-0,003229068"
"4,175","5,71E-05","-0,000104782","-0,00337518"
"4,176","5,71E-05","-0,000180365","-0,003526162"
"4,177","5,71E-05","-0,000260504","-0,003672273"
"4,178","5,71E-05","-0,000335772","-0,003813515"
"4,179","5,71E-05","-0,000420464","-0,003954756"
"4,18","5,71E-05","-0,000500286","-0,004091127"
"4,181","5,71E-05","-0,000580109","-0,004227498"
"4,182","5,71E-05","-0,000664485","-0,004358998"
"4,183","5,71E-05","-0,000743991","-0,004485628"
"4,184","5,71E-05","-0,000818943","-0,004617129"
"4,185","5,71E-05","-0,000893579","-0,004738888"
"4,186","5,71E-05","-0,00098251","-0,004865519"
"4,187","5,71E-05","-0,001066571","-0,004987278"
"4,188","5,71E-05","-0,001155502","-0,005113908"
"4,189","5,71E-05","-0,001239562","-0,005235668"
"4,19","5,71E-05","-0,001323623","-0,005357428"
"4,191","5,71E-05","-0,001407684","-0,005479188"
"4,192","5,71E-05","-0,001486874","-0,005596077"
"4,193","5,71E-05","-0,001570618","-0,005708096"
"4,194","5,71E-05","-0,001644938","-0,005820115"
"4,195","5,71E-05","-0,001728683","-0,005932134"
"4,196","5,71E-05","-0,001807557","-0,006039282"
"4,197","5,71E-05","-0,001900726","-0,006151301"
"4,198","5,71E-05","-0,001979601","-0,00625845"
"4,199","5,71E-05","-0,002058475","-0,006365598"
"4,2","5,71E-05","-0,002132479","-0,006467877"
"4,201","5,71E-05","-0,002206483","-0,006570155"
"4,202","5,71E-05","-0,002285041","-0,006667563"
"4,203","5,71E-05","-0,002354174","-0,00676497"
"4,204","5,71E-05","-0,002423308","-0,006862378"
"4,205","5,71E-05","-0,002487571","-0,006954915"
"4,206","5,71E-05","-0,002551834","-0,007047453"
"4,207","5,71E-05","-0,002620651","-0,00713512"
"4,208","5,71E-05","-0,002680044","-0,007222787"
"4,209","5,71E-05","-0,002734566","-0,007305584"
"4,21","5,71E-05","-0,002789088","-0,00738838"
"4,211","5,71E-05","-0,002848165","-0,007466306"
"4,212","5,71E-05","-0,002897817","-0,007544233"
"4,213","5,71E-05","-0,002942599","-0,007617288"
"4,214","5,71E-05","-0,00298738","-0,007690344"
"4,215","5,71E-05","-0,003027291","-0,00775853"
"4,216","5,71E-05","-0,003057777","-0,007826715"
"4,217","5,71E-05","-0,003092818","-0,00789003"
"4,218","5,71E-05","-0,003127859","-0,007953345"
"4,219","5,71E-05","-0,003153475","-0,00801666"
"4,22","5,49E-05","-0,003178775","-0,008070235"
"4,221","5,49E-05","-0,003204075","-0,008123809"
"4,222","5,49E-05","-0,00321995","-0,008177383"
"4,223","5,49E-05","-0,003230955","-0,008226087"
"4,224","5,49E-05","-0,003251384","-0,008274791"
"4,225","5,49E-05","-0,003257519","-0,008318624"
"4,226","5,49E-05","-0,003263653","-0,008362458"
"4,227","5,49E-05","-0,003269787","-0,008406291"
"4,228","5,49E-05","-0,003266181","-0,008440384"
"4,229","5,49E-05","-0,003262575","-0,008474477"
"4,23","5,49E-05","-0,003254098","-0,008503699"
"4,231","5,49E-05","-0,003240751","-0,008528051"
"4,232","5,49E-05","-0,003227404","-0,008552403"
"4,233","5,49E-05","-0,003209186","-0,008571885"
"4,234","5,49E-05","-0,003195839","-0,008596237"
"4,235","5,49E-05","-0,003191916","-0,008620589"
"4,236","5,49E-05","-0,003173699","-0,00864007"
"4,237","5,49E-05","-0,003155481","-0,008659552"
"4,238","5,49E-05","-0,003146689","-0,008679033"
"4,239","5,49E-05","-0,003133025","-0,008693644"
"4,24","5,49E-05","-0,003100197","-0,008698515"
"4,241","5,49E-05","-0,003091088","-0,008708256"
"4,242","5,49E-05","-0,003067684","-0,008713126"
"4,243","5,49E-05","-0,00303941","-0,008713126"
"4,244","5,49E-05","-0,003016006","-0,008717996"
"4,245","5,49E-05","-0,002997156","-0,008717996"
"4,246","5,49E-05","-0,002968882","-0,008717996"
"4,247","5,49E-05","-0,002950032","-0,008717996"
"4,248","5,49E-05","-0,002926312","-0,008713126"
"4,249","5,49E-05","-0,002902592","-0,008708256"
"4,25","5,49E-05","-0,002883427","-0,008698515"
"4,251","5,49E-05","-0,002849966","-0,008683904"
"4,252","5,49E-05","-0,00282593","-0,008669292"
"4,253","5,49E-05","-0,002801894","-0,008654681"
"4,254","5,49E-05","-0,002768117","-0,008630329"
"4,255","5,27E-05","-0,002739211","-0,008610848"
"4,256","5,27E-05","-0,002714859","-0,008586496"
"4,257","5,27E-05","-0,002681082","-0,008562144"
"4,258","5,27E-05","-0,00265673","-0,008537792"
"4,259","5,27E-05","-0,002627508","-0,00850857"
"4,26","5,27E-05","-0,002598286","-0,008479347"
"4,261","5,27E-05","-0,002573618","-0,008445255"
"4,262","5,27E-05","-0,00254408","-0,008406291"
"4,263","5,27E-05","-0,002519412","-0,008372199"
"4,264","5,27E-05","-0,002485003","-0,008328365"
"4,265","5,27E-05","-0,002450594","-0,008284532"
"4,266","5,27E-05","-0,00242074","-0,008235828"
"4,267","5,27E-05","-0,002390885","-0,008187124"
"4,268","5,27E-05","-0,002356161","-0,00813355"
"4,269","5,27E-05","-0,002321436","-0,008079975"
"4,27","5,27E-05","-0,002286711","-0,008026401"
"4,271","5,05E-05","-0,002247116","-0,007967956"
"4,272","5,05E-05","-0,002216946","-0,007909512"
"4,273","5,05E-05","-0,002186776","-0,007851067"
"4,274","5,05E-05","-0,002156605","-0,007792622"
"4,275","5,05E-05","-0,002121564","-0,007729307"
"4,276","5,05E-05","-0,002086208","-0,007656252"
"4,277","5,05E-05","-0,002050851","-0,007583196"
"4,278","5,05E-05","-0,00201094","-0,00751501"
"4,279","5,05E-05","-0,001975583","-0,007441954"
"4,28","5,05E-05","-0,001940226","-0,007368899"
"4,281","5,05E-05","-0,001909424","-0,007290972"
"4,282","5,05E-05","-0,001883492","-0,007217917"
"4,283","5,05E-05","-0,001848135","-0,007144861"
"4,284","5,05E-05","-0,001826758","-0,007066934"
"4,285","5,05E-05","-0,001791085","-0,006984138"
"4,286","5,05E-05","-0,001760283","-0,006906212"
"4,287","5,05E-05","-0,001729165","-0,006818545"
"4,288","5,05E-05","-0,001698046","-0,006730878"
"4,289","5,05E-05","-0,001666928","-0,006643211"
"4,29","5,05E-05","-0,00163581","-0,006555544"
"4,291","5,05E-05","-0,001614116","-0,006467877"
"4,292","5,05E-05","-0,001587552","-0,006375339"
"4,293","5,05E-05","-0,001565858","-0,006287672"
"4,294","5,05E-05","-0,001544165","-0,006200005"
"4,295","5,05E-05","-0,001522155","-0,006102597"
"4,296","5,05E-05","-0,001500146","-0,00600519"
"4,297","5,05E-05","-0,001468711","-0,005907782"
"4,298","5,05E-05","-0,001446702","-0,005810374"
"4,299","5,05E-05","-0,001434117","-0,005712966"
"4,3","5,05E-05","-0,001407237","-0,005610688"
"4,301","5,05E-05","-0,001380357","-0,00550841"
"4,302","5,05E-05","-0,001367772","-0,005411002"
"4,303","5,05E-05","-0,001345447","-0,005303854"
"4,304","5,05E-05","-0,001327992","-0,005201575"
"4,305","5,05E-05","-0,001315091","-0,005094427"
"4,306","5,05E-05","-0,001292765","-0,004987278"
"4,307","5,05E-05","-0,001274994","-0,004875259"
"4,308","5,05E-05","-0,001257223","-0,00476324"
"4,309","5,05E-05","-0,001239452","-0,004651221"
"4,31","5,05E-05","-0,00121681","-0,004534332"
"4,311","5,05E-05","-0,001199039","-0,004422313"
"4,312","5,05E-05","-0,001176398","-0,004305424"
"4,313","5,05E-05","-0,001163181","-0,004188535"
"4,314","5,05E-05","-0,001140539","-0,004071645"
"4,315","5,05E-05","-0,001122452","-0,003949885"
"4,316","5,05E-05","-0,001104365","-0,003828126"
"4,317","5,05E-05","-0,001086278","-0,003706366"
"4,318","5,05E-05","-0,001068191","-0,003584606"
"4,319","5,05E-05","-0,001045233","-0,003457976"
"4,32","5,05E-05","-0,001027146","-0,003336216"
"4,321","5,05E-05","-0,001004188","-0,003209586"
"4,322","5,05E-05","-0,000981231","-0,003082956"
"4,323","5,05E-05","-0,000958273","-0,002956326"
"4,324","5,05E-05","-0,000935316","-0,002829696"
"4,325","5,05E-05","-0,000921783","-0,002703066"
"4,326","5,05E-05","-0,000898825","-0,002576436"
"4,327","5,05E-05","-0,000875868","-0,002449806"
"4,328","5,05E-05","-0,00085291","-0,002323176"
"4,329","5,05E-05","-0,000825082","-0,002191675"
"4,33","5,05E-05","-0,000802125","-0,002065045"
"4,331","5,05E-05","-0,000779167","-0,001938415"
"4,332","5,05E-05","-0,00075621","-0,001811785"
"4,333","5,05E-05","-0,000733252","-0,001685155"
"4,334","5,05E-05","-0,000710294","-0,001558524"
"4,335","5,05E-05","-0,000677912","-0,001431894"
"4,336","5,05E-05","-0,000654955","-0,001305264"
"4,337","5,05E-05","-0,000622572","-0,001178634"
"4,338","5,05E-05","-0,000599615","-0,001052004"
"4,339","5,05E-05","-0,000567232","-0,000925374"
"4,34","5,05E-05","-0,00053972","-0,000803614"
"4,341","5,05E-05","-0,000512208","-0,000681854"
"4,342","5,05E-05","-0,000484697","-0,000560095"
"4,343","5,05E-05","-0,000457185","-0,000438335"
"4,344","5,05E-05","-0,000415377","-0,000311705"
"4,345","5,05E-05","-0,000382995","-0,000185075"
"4,346","5,05E-05","-0,000341188","-5,84E-05"
"4,347","5,05E-05","-0,000299381","6,82E-05"
"4,348","5,05E-05","-0,000262444","0,000189945"
"4,349","5,05E-05","-0,000225507","0,000311705"
"4,35","5,05E-05","-0,000193441","0,000428594"
"4,351","5,05E-05","-0,000156504","0,000550354"
"4,352","5,05E-05","-0,000119568","0,000672114"
"4,353","5,05E-05","-6,83E-05","0,000798744"
"4,354","5,05E-05","-1,71E-05","0,000925374"
"4,355","5,05E-05","2,93E-05","0,001047134"
"4,356","5,05E-05","7,56E-05","0,001168893"
"4,357","5,05E-05","0,00011711","0,001285783"
"4,358","5,05E-05","0,000158601","0,001402672"
"4,359","5,05E-05","0,000214388","0,001524432"
"4,36","5,05E-05","0,000255879","0,001641321"
"4,361","5,05E-05","0,000311665","0,001763081"
"4,362","5,05E-05","0,000367451","0,001884841"
"4,363","5,05E-05","0,000423238","0,0020066"
"4,364","5,05E-05","0,000474153","0,00212349"
"4,365","5,05E-05","0,000525069","0,002240379"
"4,366","5,05E-05","0,00058054","0,002352398"
"4,367","5,05E-05","0,000626585","0,002464417"
"4,368","5,05E-05","0,000682055","0,002576436"
"4,369","5,05E-05","0,000737526","0,002688455"
"4,37","5,05E-05","0,000792996","0,002800474"
"4,371","5,05E-05","0,000848466","0,002912493"
"4,372","5,05E-05","0,000899066","0,003019641"
"4,373","5,05E-05","0,000949666","0,00312679"
"4,374","5,05E-05","0,001009691","0,003233938"
"4,375","5,05E-05","0,001069715","0,003341087"
"4,376","5,05E-05","0,00112974","0,003448235"
"4,377","5,05E-05","0,00118034","0,003555384"
"4,378","5,05E-05","0,001235494","0,003657662"
"4,379","5,05E-05","0,001285778","0,00375507"
"4,38","5,05E-05","0,001345487","0,003852478"
"4,381","5,05E-05","0,001395771","0,003949885"
"4,382","5,05E-05","0,001446055","0,004047293"
"4,383","5,05E-05","0,001500893","0,004139831"
"4,384","5,05E-05","0,001546306","0,004232368"
"4,385","5,05E-05","0,001601145","0,004324905"
"4,386","5,05E-05","0,001655983","0,004417443"
"4,387","5,05E-05","0,001696526","0,00450511"
"4,388","5,05E-05","0,001741623","0,004587906"
"4,389","5,05E-05","0,001786721","0,004670703"
"4,39","5,05E-05","0,001831818","0,0047535"
"4,391","5,05E-05","0,001876916","0,004836296"
"4,392","5,05E-05","0,001922014","0,004919093"
"4,393","5,05E-05","0,001967111","0,00500189"
"4,394","5,05E-05","0,002007338","0,005079816"
"4,395","5,05E-05","0,002047565","0,005157742"
"4,396","5,05E-05","0,002087792","0,005235668"
"4,397","5,05E-05","0,002123149","0,005308724"
"4,398","5,05E-05","0,002158506","0,00538178"
"4,399","5,05E-05","0,002193863","0,005454836"
"4,4","5,05E-05","0,002219478","0,005518151"
"4,401","5,05E-05","0,00225939","0,005586336"
"4,402","5,05E-05","0,002289876","0,005654522"
"4,403","5,05E-05","0,002315492","0,005717837"
"4,404","5,05E-05","0,002345978","0,005786022"
"4,405","5,05E-05","0,002381019","0,005849337"
"4,406","5,05E-05","0,002401764","0,005907782"
"4,407","5,05E-05","0,00242251","0,005966227"
"4,408","5,05E-05","0,002443256","0,006024671"
"4,409","5,05E-05","0,002464001","0,006083116"
"4,41","5,05E-05","0,002489301","0,00613669"
"4,411","5,05E-05","0,002505176","0,006190264"
"4,412","5,05E-05","0,002516181","0,006238968"
"4,413","5,05E-05","0,002532056","0,006292543"
"4,414","5,05E-05","0,002552486","0,006341246"
"4,415","5,05E-05","0,002563491","0,00638995"
"4,416","5,05E-05","0,002574495","0,006438654"
"4,417","5,05E-05","0,002575759","0,006477617"
"4,418","5,05E-05","0,002581894","0,006521451"
"4,419","5,05E-05","0,002578287","0,006555544"
"4,42","5,05E-05","0,002579551","0,006594507"
"4,421","5,05E-05","0,00259024","0,00663347"
"4,422","5,05E-05","0,002586634","0,006667563"
"4,423","5,05E-05","0,002578157","0,006696785"
"4,424","5,05E-05","0,002579105","0,006726007"
"4,425","5,05E-05","0,002565758","0,006750359"
"4,426","5,05E-05","0,00254754","0,006769841"
"4,427","5,27E-05","0,002543618","0,006794193"
"4,428","5,27E-05","0,002530271","0,006818545"
"4,429","5,27E-05","0,002521478","0,006838026"
"4,43","5,05E-05","0,00249839","0,006852637"
"4,431","5,05E-05","0,002484727","0,006867248"
"4,432","5,27E-05","0,002466193","0,006876989"
"4,433","5,27E-05","0,002457084","0,00688673"
"4,434","5,27E-05","0,002438551","0,006896471"
"4,435","5,27E-05","0,002420017","0,006906212"
"4,436","5,27E-05","0,002396613","0,006911082"
"4,437","5,27E-05","0,002377764","0,006911082"
"4,438","5,27E-05","0,00235436","0,006915952"
"4,439","5,27E-05","0,00233551","0,006915952"
"4,44","5,27E-05","0,002316661","0,006915952"
"4,441","5,27E-05","0,002292941","0,006911082"
"4,442","5,27E-05","0,002274091","0,006911082"
"4,443","5,27E-05","0,002254926","0,006901341"
"4,444","5,27E-05","0,002240631","0,006896471"
"4,445","5,27E-05","0,00221204","0,00688673"
"4,446","5,27E-05","0,002188004","0,006872119"
"4,447","5,27E-05","0,002168839","0,006862378"
"4,448","5,27E-05","0,002154228","0,006847767"
"4,449","5,27E-05","0,002125321","0,006828285"
"4,45","5,27E-05","0,00211071","0,006813674"
"4,451","5,27E-05","0,002091228","0,006794193"
"4,452","5,27E-05","0,002071747","0,006774711"
"4,453","5,27E-05","0,002047395","0,006750359"
"4,454","5,27E-05","0,002037338","0,006730878"
"4,455","5,27E-05","0,002008116","0,006701655"
"4,456","5,27E-05","0,001993189","0,006677303"
"4,457","5,27E-05","0,001973391","0,006648081"
"4,458","5,27E-05","0,001953594","0,006618859"
"4,459","5,27E-05","0,00193835","0,006584766"
"4,46","5,27E-05","0,001913682","0,006550673"
"4,461","5,27E-05","0,001898439","0,00651658"
"4,462","5,27E-05","0,001883196","0,006482488"
"4,463","5,27E-05","0,001863083","0,006443525"
"4,464","5,27E-05","0,001842969","0,006404562"
"4,465","5,27E-05","0,001817985","0,006360728"
"4,466","5,27E-05","0,001802426","0,006316895"
"4,467","5,27E-05","0,001772572","0,006268191"
"4,468","5,27E-05","0,001752142","0,006219487"
"4,469","5,27E-05","0,001731712","0,006170783"
"4,47","5,27E-05","0,001711283","0,006122079"
"4,471","5,27E-05","0,001690853","0,006073375"
"4,472","5,27E-05","0,001670424","0,006024671"
"4,473","5,27E-05","0,001654549","0,005971097"
"4,474","5,27E-05","0,001633803","0,005912652"
"4,475","5,27E-05","0,001608503","0,005859078"
"4,476","5,27E-05","0,001587758","0,005800633"
"4,477","5,27E-05","0,001576437","0,005742189"
"4,478","5,27E-05","0,001550821","0,005678874"
"4,479","5,27E-05","0,00153463","0,005615559"
"4,48","5,27E-05","0,001509014","0,005552243"
"4,481","5,27E-05","0,001492823","0,005488928"
"4,482","5,27E-05","0,001471761","0,005420743"
"4,483","5,27E-05","0,001460124","0,005352558"
"4,484","5,27E-05","0,001439063","0,005284372"
"4,485","5,27E-05","0,001418001","0,005216187"
"4,486","5,27E-05","0,001406364","0,005148001"
"4,487","5,27E-05","0,001389857","0,005074945"
"4,488","5,27E-05","0,00136848","0,004997019"
"4,489","5,27E-05","0,001351972","0,004923963"
"4,49","5,27E-05","0,00134489","0,004850907"
"4,491","5,27E-05","0,001323512","0,004772981"
"4,492","5,27E-05","0,00131643","0,004699925"
"4,493","5,27E-05","0,001295053","0,004621999"
"4,494","5,27E-05","0,0012831","0,004544073"
"4,495","5,27E-05","0,001271147","0,004466147"
"4,496","5,27E-05","0,001259194","0,00438822"
"4,497","5,27E-05","0,001256666","0,004310294"
"4,498","5,27E-05","0,001239843","0,004227498"
"4,499","5,27E-05","0,00122302","0,004144701"
"4,5","5,27E-05","0,001215621","0,004061904"
"4,501","5,27E-05","0,001193928","0,003974237"
"4,502","5,27E-05","0,00118653","0,003891441"
"4,503","5,27E-05","0,001174261","0,003803774"
"4,504","5,27E-05","0,001157438","0,003720977"
"4,505","5,27E-05","0,001150039","0,003638181"
"4,506","5,27E-05","0,00113777","0,003550514"
"4,507","5,27E-05","0,001125502","0,003462847"
"4,508","5,27E-05","0,001113233","0,00337518"
"4,509","5,27E-05","0,001110389","0,003287513"
"4,51","5,27E-05","0,00109812","0,003199846"
"4,511","5,27E-05","0,001085851","0,003112179"
"4,512","5,27E-05","0,001068712","0,003019641"
"4,513","5,27E-05","0,001065868","0,002931974"
"4,514","5,27E-05","0,001048729","0,002839437"
"4,515","5,27E-05","0,00103646","0,00275177"
"4,516","5,27E-05","0,001019321","0,002659232"
"4,517","5,27E-05","0,001016477","0,002571565"
"4,518","5,27E-05","0,000999338","0,002479028"
"4,519","5,27E-05","0,000987069","0,002391361"
"4,52","5,27E-05","0,00096993","0,002298824"
"4,521","5,27E-05","0,000957345","0,002201416"
"4,522","5,27E-05","0,000940206","0,002108878"
"4,523","5,27E-05","0,000923067","0,002016341"
"4,524","5,27E-05","0,000905928","0,001923804"
"4,525","5,27E-05","0,000893659","0,001836137"
"4,526","5,27E-05","0,00087652","0,001743599"
"4,527","5,27E-05","0,000864251","0,001655932"
"4,528","5,27E-05","0,000847112","0,001563395"
"4,529","5,27E-05","0,000829973","0,001470857"
"4,53","5,27E-05","0,000817704","0,00138319"
"4,531","5,27E-05","0,00079114","0,001290653"
"4,532","5,27E-05","0,000778871","0,001202986"
"4,533","5,27E-05","0,000757178","0,001115319"
"4,534","5,27E-05","0,000735484","0,001027652"
"4,535","5,27E-05","0,000718661","0,000944855"
"4,536","5,27E-05","0,000696967","0,000857188"
"4,537","5,27E-05","0,000680144","0,000774392"
"4,538","5,27E-05","0,000658451","0,000686725"
"4,539","5,27E-05","0,000641627","0,000603928"
"4,54","5,27E-05","0,000615379","0,000521132"
"4,541","5,27E-05","0,000594002","0,000443205"
"4,542","5,27E-05","0,000567754","0,000360409"
"4,543","5,27E-05","0,000555801","0,000282483"
"4,544","5,27E-05","0,000529553","0,000199686"
"4,545","5,27E-05","0,000498751","0,00012176"
"4,546","5,27E-05","0,000477373","4,38E-05"
"4,547","5,27E-05","0,000446571","-3,41E-05"
"4,548","5,27E-05","0,000425193","-0,000112019"
"4,549","5,27E-05","0,000399261","-0,000185075"
"4,55","5,27E-05","0,000368459","-0,000263001"
"4,551","5,27E-05","0,000342527","-0,000336057"
"4,552","5,27E-05","0,00030717","-0,000409113"
"4,553","5,27E-05","0,000276368","-0,000487039"
"4,554","5,27E-05","0,000250436","-0,000560095"
"4,555","5,27E-05","0,000215079","-0,000633151"
"4,556","5,27E-05","0,000184593","-0,000701336"
"4,557","5,27E-05","0,000154107","-0,000769521"
"4,558","5,27E-05","0,00011875","-0,000842577"
"4,559","5,27E-05","8,83E-05","-0,000910763"
"4,56","5,27E-05","5,78E-05","-0,000978948"
"4,561","5,27E-05","2,73E-05","-0,001047134"
"4,562","5,27E-05","-3,20E-06","-0,001115319"
"4,563","5,27E-05","-3,82E-05","-0,001178634"
"4,564","5,27E-05","-7,33E-05","-0,001241949"
"4,565","5,27E-05","-0,000103763","-0,001310135"
"4,566","5,27E-05","-0,000138804","-0,00137345"
"4,567","5,27E-05","-0,000178715","-0,001441635"
"4,568","5,27E-05","-0,000213756","-0,00150495"
"4,569","5,27E-05","-0,000243926","-0,001563395"
"4,57","5,27E-05","-0,000283521","-0,00162184"
"4,571","5,27E-05","-0,000313691","-0,001680284"
"4,572","5,27E-05","-0,000343862","-0,001738729"
"4,573","5,27E-05","-0,000383457","-0,001797174"
"4,574","5,27E-05","-0,000413627","-0,001855618"
"4,575","5,27E-05","-0,000453222","-0,001914063"
"4,576","5,27E-05","-0,000483393","-0,001972508"
"4,577","5,27E-05","-0,000522988","-0,002030952"
"4,578","5,27E-05","-0,000548288","-0,002084526"
"4,579","5,27E-05","-0,000578142","-0,00213323"
"4,58","5,27E-05","-0,000598572","-0,002181934"
"4,581","5,27E-05","-0,000633296","-0,002235509"
"4,582","5,27E-05","-0,000663151","-0,002284212"
"4,583","5,27E-05","-0,000693005","-0,002332916"
"4,584","5,27E-05","-0,000713435","-0,00238162"
"4,585","5,27E-05","-0,000743289","-0,002430324"
"4,586","5,27E-05","-0,000768273","-0,002474158"
"4,587","5,27E-05","-0,000783832","-0,002517991"
"4,588","5,27E-05","-0,000803946","-0,002556954"
"4,589","5,27E-05","-0,000828929","-0,002600788"
"4,59","5,27E-05","-0,000849043","-0,002639751"
"4,591","5,27E-05","-0,000859732","-0,002678714"
"4,592","5,27E-05","-0,000874975","-0,002712807"
"4,593","5,27E-05","-0,000895089","-0,00275177"
"4,594","5,27E-05","-0,000905777","-0,002790733"
"4,595","5,27E-05","-0,000925891","-0,002829696"
"4,596","5,27E-05","-0,000936264","-0,002858918"
"4,597","5,27E-05","-0,000951507","-0,002893011"
"4,598","5,27E-05","-0,00096188","-0,002922233"
"4,599","5,27E-05","-0,000962828","-0,002951456"
"4,6","5,27E-05","-0,00096833","-0,002975808"
"4,601","5,27E-05","-0,000978703","-0,00300503"
"4,602","5,27E-05","-0,000989076","-0,003034252"
"4,603","5,27E-05","-0,000999448","-0,003063475"
"4,604","5,27E-05","-0,00100008","-0,003082956"
"4,605","5,27E-05","-0,001005583","-0,003107308"
"4,606","5,27E-05","-0,001006215","-0,00312679"
"4,607","5,27E-05","-0,001011717","-0,003151142"
"4,608","5,27E-05","-0,001012349","-0,003170623"
"4,609","5,27E-05","-0,001008111","-0,003185234"
"4,61","5,27E-05","-0,001008743","-0,003204716"
"4,611","5,27E-05","-0,001004504","-0,003219327"
"4,612","5,27E-05","-0,000995396","-0,003229068"
"4,613","5,27E-05","-0,000991157","-0,003243679"
"4,614","5,27E-05","-0,000996344","-0,00325829"
"4,615","5,27E-05","-0,00099666","-0,003268031"
"4,616","5,27E-05","-0,000992105","-0,003272901"
"4,617","5,27E-05","-0,000987551","-0,003277772"
"4,618","5,27E-05","-0,000982996","-0,003282642"
"4,619","5,27E-05","-0,000978442","-0,003287513"
"4,62","5,27E-05","-0,000983312","-0,003292383"
"4,621","5,27E-05","-0,000973888","-0,003292383"
"4,622","5,27E-05","-0,000978758","-0,003297253"
"4,623","5,27E-05","-0,000978758","-0,003297253"
"4,624","5,27E-05","-0,000973888","-0,003292383"
"4,625","5,27E-05","-0,000983312","-0,003292383"
"4,626","5,27E-05","-0,000978442","-0,003287513"
"4,627","5,27E-05","-0,000973572","-0,003282642"
"4,628","5,27E-05","-0,000978126","-0,003277772"
"4,629","5,27E-05","-0,000973256","-0,003272901"
"4,63","5,27E-05","-0,00097781","-0,003268031"
"4,631","5,27E-05","-0,000982364","-0,003263161"
"4,632","5,27E-05","-0,000972624","-0,00325342"
"4,633","5,27E-05","-0,000972308","-0,003243679"
"4,634","5,27E-05","-0,000976862","-0,003238809"
"4,635","5,27E-05","-0,000976546","-0,003229068"
"4,636","5,27E-05","-0,00097136","-0,003214457"
"4,637","5,27E-05","-0,000975598","-0,003199846"
"4,638","5,27E-05","-0,000970412","-0,003185234"
"4,639","5,27E-05","-0,000965225","-0,003170623"
"4,64","5,27E-05","-0,000974334","-0,003160882"
"4,641","5,27E-05","-0,000969148","-0,003146271"
"4,642","5,27E-05","-0,000973386","-0,00313166"
"4,643","5,27E-05","-0,0009682","-0,003117049"
"4,644","5,27E-05","-0,000967568","-0,003097567"
"4,645","5,27E-05","-0,000971806","-0,003082956"
"4,646","5,27E-05","-0,000971174","-0,003063475"
"4,647","5,27E-05","-0,000970542","-0,003043993"
"4,648","5,27E-05","-0,00096991","-0,003024512"
"4,649","5,27E-05","-0,000969278","-0,00300503"
"4,65","5,27E-05","-0,000968646","-0,002985548"
"4,651","5,27E-05","-0,000968014","-0,002966067"
"4,652","5,27E-05","-0,000967382","-0,002946585"
"4,653","5,27E-05","-0,000971304","-0,002922233"
"4,654","5,27E-05","-0,000965802","-0,002897881"
"4,655","5,27E-05","-0,00096517","-0,0028784"
"4,656","5,27E-05","-0,000969092","-0,002854048"
"4,657","5,27E-05","-0,00096359","-0,002829696"
"4,658","5,27E-05","-0,000972383","-0,002810214"
"4,659","5,27E-05","-0,00096688","-0,002785863"
"4,66","5,27E-05","-0,000970803","-0,002761511"
"4,661","5,27E-05","-0,000974725","-0,002737159"
"4,662","5,27E-05","-0,000964352","-0,002707936"
"4,663","5,27E-05","-0,000968275","-0,002683584"
"4,664","5,27E-05","-0,000972197","-0,002659232"
"4,665","5,27E-05","-0,000966695","-0,00263488"
"4,666","5,27E-05","-0,000965747","-0,002605658"
"4,667","5,27E-05","-0,000969669","-0,002581306"
"4,668","5,27E-05","-0,000968721","-0,002552084"
"4,669","5,27E-05","-0,000972644","-0,002527732"
"4,67","5,27E-05","-0,000962271","-0,00249851"
"4,671","5,27E-05","-0,000961323","-0,002469287"
"4,672","5,27E-05","-0,000960375","-0,002440065"
"4,673","5,27E-05","-0,000964297","-0,002415713"
"4,674","5,27E-05","-0,000963349","-0,002386491"
"4,675","5,27E-05","-0,000962401","-0,002357268"
"4,676","5,27E-05","-0,000961453","-0,002328046"
"4,677","5,27E-05","-0,00094621","-0,002293953"
"4,678","5,27E-05","-0,000945262","-0,002264731"
"4,679","5,27E-05","-0,000944314","-0,002235509"
"4,68","5,27E-05","-0,000943366","-0,002206286"
"4,681","5,27E-05","-0,000937548","-0,002172193"
"4,682","5,27E-05","-0,000927175","-0,002142971"
"4,683","5,27E-05","-0,000926227","-0,002113749"
"4,684","5,27E-05","-0,000920408","-0,002079656"
"4,685","5,27E-05","-0,000905165","-0,002045563"
"4,686","5,27E-05","-0,000904217","-0,002016341"
"4,687","5,27E-05","-0,000898399","-0,001982248"
"4,688","5,27E-05","-0,000883156","-0,001948156"
"4,689","5,27E-05","-0,000877337","-0,001914063"
"4,69","5,27E-05","-0,000862094","-0,00187997"
"4,691","5,27E-05","-0,000856276","-0,001845877"
"4,692","5,27E-05","-0,000841033","-0,001811785"
"4,693","5,27E-05","-0,000825789","-0,001777692"
"4,694","5,27E-05","-0,000819971","-0,001743599"
"4,695","5,27E-05","-0,000799857","-0,001704636"
"4,696","5,27E-05","-0,000784614","-0,001670543"
"4,697","5,27E-05","-0,000769371","-0,001636451"
"4,698","5,27E-05","-0,000749258","-0,001597488"
"4,699","5,27E-05","-0,00072459","-0,001563395"
"4,7","5,27E-05","-0,000704476","-0,001524432"
"4,701","5,27E-05","-0,000689233","-0,001490339"
"4,702","5,27E-05","-0,00067399","-0,001456246"
"4,703","5,27E-05","-0,000649322","-0,001422154"
"4,704","5,27E-05","-0,000634079","-0,001388061"
"4,705","5,27E-05","-0,000618835","-0,001353968"
"4,706","5,27E-05","-0,000589297","-0,001315005"
"4,707","5,27E-05","-0,000564629","-0,001280912"
"4,708","5,27E-05","-0,000544516","-0,001241949"
"4,709","5,27E-05","-0,000514977","-0,001202986"
"4,71","5,27E-05","-0,000499734","-0,001168893"
"4,711","5,27E-05","-0,000475066","-0,001134801"
"4,712","5,27E-05","-0,000450398","-0,001100708"
"4,713","5,27E-05","-0,00042573","-0,001066615"
"4,714","5,27E-05","-0,000405617","-0,001027652"
"4,715","5,27E-05","-0,000380949","-0,000993559"
"4,716","5,27E-05","-0,000356281","-0,000959467"
"4,717","5,27E-05","-0,000326743","-0,000920504"
"4,718","5,27E-05","-0,000302075","-0,000886411"
"4,719","5,27E-05","-0,000277407","-0,000852318"
"4,72","5,27E-05","-0,000252739","-0,000818225"
"4,721","5,27E-05","-0,000228071","-0,000784133"
"4,722","5,27E-05","-0,000203403","-0,00075004"
"4,723","5,27E-05","-0,00018816","-0,000715947"
"4,724","5,27E-05","-0,000168362","-0,000686725"
"4,725","5,27E-05","-0,000168362","-0,000686725"